Data,Precipitação Total Diária,Pressão Média Diária,Radiação Total,Temperatura Média Diária,Temperatura Máxima,Temperatura Mínima,Umidade Máxima,Umidade Mínima,Velocidade do Vento,Cidade
2023-01-01,0.4,948.7625,22965.3,23.025,29.6,18.1,100.0,52.0,0.6041666666666666,Cachoeira Paulista
2023-01-02,0.0,946.6583333333332,22965.3,23.925,31.3,17.9,100.0,41.0,1.0083333333333333,Cachoeira Paulista
2023-01-03,0.0,944.6041666666666,19112.9,23.60833333333333,29.9,19.3,100.0,49.0,1.5083333333333335,Cachoeira Paulista
2023-01-04,0.4,943.491304347826,15371.8,24.13913043478261,29.8,21.2,100.0,49.0,0.8521739130434783,Cachoeira Paulista
2023-01-05,21.0,945.9391304347826,7177.5,19.830434782608695,23.6,18.4,100.0,81.0,1.3521739130434782,Cachoeira Paulista
2023-01-06,8.2,949.6826086956522,9028.0,18.72173913043478,21.8,16.7,100.0,81.0,1.4043478260869564,Cachoeira Paulista
2023-01-07,4.6,951.8608695652174,9479.6,18.269565217391303,22.4,16.1,100.0,69.0,0.3608695652173913,Cachoeira Paulista
2023-01-08,3.6,950.9708333333332,10492.0,19.620833333333334,23.9,17.3,100.0,69.0,0.2916666666666667,Cachoeira Paulista
2023-01-09,12.0,949.2625,9155.1,20.3125,23.2,18.9,100.0,81.0,0.3291666666666666,Cachoeira Paulista
2023-01-10,3.0,948.3166666666666,15709.6,22.954166666666666,28.9,19.5,100.0,53.0,0.4791666666666667,Cachoeira Paulista
2023-01-11,3.4,947.9608695652172,12849.2,23.117391304347827,28.6,20.1,100.0,62.0,0.6826086956521739,Cachoeira Paulista
2023-01-12,7.4,945.891304347826,17437.7,23.660869565217396,29.5,20.0,100.0,50.0,1.1130434782608696,Cachoeira Paulista
2023-01-13,2.0,945.5,17791.4,24.49090909090909,31.7,20.0,100.0,47.0,1.1363636363636365,Cachoeira Paulista
2023-01-14,0.0,946.5833333333334,26512.7,25.2875,32.5,19.5,100.0,44.0,1.9083333333333328,Cachoeira Paulista
2023-01-15,0.0,948.0541666666668,27489.4,25.875,34.5,19.9,100.0,42.0,0.9166666666666666,Cachoeira Paulista
2023-01-16,4.8,947.5708333333332,26604.2,25.291666666666668,33.0,20.1,100.0,45.0,0.9875,Cachoeira Paulista
2023-01-17,0.0,948.4478260869564,26620.8,25.88695652173913,32.6,20.6,100.0,45.0,0.6260869565217392,Cachoeira Paulista
2023-01-18,0.0,949.8208333333332,23823.4,24.375,32.4,20.1,100.0,46.0,0.975,Cachoeira Paulista
2023-01-19,50.2,949.5458333333332,23823.4,22.42083333333333,30.7,18.6,100.0,51.0,0.7958333333333333,Cachoeira Paulista
2023-01-20,1.6,947.5041666666666,10651.4,21.320833333333333,25.2,18.8,100.0,70.0,0.4166666666666667,Cachoeira Paulista
2023-01-21,1.6,943.5956521739132,24260.7,22.73478260869565,29.7,18.9,100.0,70.0,1.2478260869565216,Cachoeira Paulista
2023-01-22,0.2,943.0826086956522,26632.0,23.9,31.7,17.8,100.0,43.0,0.6391304347826087,Cachoeira Paulista
2023-01-23,2.0,943.9695652173912,23298.4,24.821739130434786,31.5,19.2,100.0,41.0,0.9739130434782608,Cachoeira Paulista
2023-01-24,25.8,944.0739130434785,15030.7,22.430434782608696,28.7,19.5,100.0,61.0,0.6347826086956522,Cachoeira Paulista
2023-01-25,0.6000000000000001,945.6090909090908,15030.7,24.031818181818185,31.1,19.2,100.0,48.0,0.6409090909090909,Cachoeira Paulista
2023-01-26,0.6000000000000001,947.0083333333332,31002.7,23.129166666666663,30.7,15.0,100.0,33.0,1.1458333333333333,Cachoeira Paulista
2023-01-27,0.0,947.3826086956522,26832.6,23.63478260869565,31.5,16.6,100.0,44.0,1.547826086956522,Cachoeira Paulista
2023-01-28,0.6,948.3916666666668,18990.7,24.258333333333336,32.1,20.2,100.0,44.0,1.1458333333333333,Cachoeira Paulista
2023-01-29,2.0,947.508695652174,24323.0,23.539130434782606,32.3,20.2,100.0,43.0,1.0130434782608695,Cachoeira Paulista
2023-01-30,6.4,946.1291666666666,18986.3,23.566666666666663,32.2,19.6,100.0,43.0,0.8875000000000001,Cachoeira Paulista
2023-01-31,18.6,946.9791666666666,19017.3,23.775,31.5,19.7,100.0,49.0,1.0541666666666667,Cachoeira Paulista
2023-02-01,9.0,948.0875,17865.899999999998,22.975,31.2,20.6,100.0,51.0,0.5708333333333333,Cachoeira Paulista
2023-02-02,3.6,948.1130434782608,22637.0,24.160869565217396,32.2,20.1,100.0,49.0,0.7695652173913043,Cachoeira Paulista
2023-02-03,4.6000000000000005,947.425,14804.0,23.46666666666667,29.8,19.7,100.0,55.0,0.6208333333333333,Cachoeira Paulista
2023-02-04,3.6,947.2166666666668,21228.7,25.27083333333333,33.6,19.8,100.0,41.0,1.0166666666666668,Cachoeira Paulista
2023-02-05,6.6,946.9291666666668,30179.8,25.8875,34.4,20.5,100.0,37.0,1.7125,Cachoeira Paulista
2023-02-06,16.0,947.1695652173912,22737.0,23.921739130434784,32.6,19.5,100.0,44.0,0.717391304347826,Cachoeira Paulista
2023-02-07,0.4,947.9291666666668,15650.9,22.791666666666668,28.2,19.5,100.0,61.0,0.4291666666666667,Cachoeira Paulista
2023-02-08,6.6,947.8590909090908,11495.3,22.39090909090909,28.0,20.5,100.0,59.0,0.4363636363636363,Cachoeira Paulista
2023-02-09,0.2,948.1541666666668,24594.7,23.45833333333333,31.9,18.3,100.0,47.0,0.6083333333333333,Cachoeira Paulista
2023-02-10,4.6,948.0833333333334,16669.5,23.558333333333334,30.9,19.5,100.0,49.0,0.9958333333333332,Cachoeira Paulista
2023-02-11,30.8,948.2208333333332,14534.8,22.0125,30.0,18.9,100.0,56.0,0.5875,Cachoeira Paulista
2023-02-12,7.4,947.5478260869564,14327.4,22.221739130434784,29.6,19.9,100.0,57.0,0.7304347826086957,Cachoeira Paulista
2023-02-13,4.8,947.1625,23702.8,23.67083333333333,32.0,19.4,100.0,47.0,0.5,Cachoeira Paulista
2023-02-14,0.2,946.3333333333334,21950.6,24.166666666666668,32.5,19.9,100.0,49.0,0.819047619047619,Cachoeira Paulista
2023-02-15,10.8,944.4041666666668,24537.1,24.375,34.1,19.7,100.0,40.0,1.0708333333333333,Cachoeira Paulista
2023-02-16,0.4,942.3541666666666,18298.0,24.891666666666666,30.6,21.0,100.0,52.0,2.0375,Cachoeira Paulista
2023-02-17,0.0,943.225,22166.3,26.54583333333333,31.7,21.0,99.0,48.0,1.5583333333333331,Cachoeira Paulista
2023-02-18,2.8000000000000003,946.5956521739132,14790.3,23.752173913043475,31.1,20.7,100.0,56.0,0.9652173913043478,Cachoeira Paulista
2023-02-19,6.4,950.225,15213.1,22.35,26.5,20.1,100.0,65.0,1.6125,Cachoeira Paulista
2023-02-20,0.0,949.2166666666668,27150.2,24.40833333333333,31.1,20.3,100.0,48.0,1.1208333333333331,Cachoeira Paulista
2023-02-21,17.0,948.9347826086956,21181.4,23.186956521739127,31.8,18.8,100.0,44.0,1.4739130434782608,Cachoeira Paulista
2023-02-22,3.8,951.2130434782608,20439.4,22.36086956521739,29.1,18.7,100.0,59.0,0.7434782608695653,Cachoeira Paulista
2023-02-23,0.0,951.4,20439.4,23.329166666666666,30.9,19.9,100.0,54.0,1.0666666666666669,Cachoeira Paulista
2023-02-24,0.6,951.4,21998.7,23.95,30.7,20.1,100.0,53.0,1.0458333333333332,Cachoeira Paulista
2023-02-25,35.6,951.4,21329.7,24.79583333333333,33.1,20.2,100.0,45.0,1.1458333333333333,Cachoeira Paulista
2023-02-26,9.0,948.825,21220.5,24.704166666666666,34.3,19.8,100.0,42.0,1.0041666666666669,Cachoeira Paulista
2023-02-27,4.4,951.2291666666666,21061.5,23.704166666666666,34.3,20.1,100.0,46.0,0.7958333333333334,Cachoeira Paulista
2023-02-28,2.8,952.6875,21878.9,23.09583333333333,30.2,19.3,100.0,53.0,0.7041666666666666,Cachoeira Paulista
2023-03-01,1.2,950.4739130434784,26125.8,23.369565217391305,32.1,18.6,100.0,50.0,0.917391304347826,Cachoeira Paulista
2023-03-02,0.0,948.708695652174,22544.1,24.030434782608697,32.3,20.0,100.0,47.0,1.0956521739130434,Cachoeira Paulista
2023-03-03,0.0,948.1375,23025.1,24.6625,32.3,19.9,100.0,47.0,1.0708333333333333,Cachoeira Paulista
2023-03-04,2.2,948.3666666666668,20565.3,24.4125,32.6,20.3,100.0,46.0,0.8250000000000001,Cachoeira Paulista
2023-03-05,3.2,946.7416666666668,14357.8,23.59166666666667,29.2,20.3,100.0,49.0,0.8708333333333332,Cachoeira Paulista
2023-03-06,1.0,945.7208333333332,17705.6,23.0,30.1,19.2,100.0,48.0,1.7125,Cachoeira Paulista
2023-03-07,2.0,947.6083333333332,11956.6,22.866666666666664,29.7,19.4,100.0,49.0,1.1125,Cachoeira Paulista
2023-03-08,0.8,948.7625,16298.7,22.5625,30.1,18.1,100.0,52.0,0.5041666666666667,Cachoeira Paulista
2023-03-09,0.2,949.1458333333334,18280.8,23.52916666666667,31.4,19.7,100.0,50.0,0.5166666666666667,Cachoeira Paulista
2023-03-10,3.2,948.9708333333332,22322.8,23.633333333333336,31.4,18.9,100.0,48.0,0.8208333333333333,Cachoeira Paulista
2023-03-11,18.4,948.7125,9741.1,21.916666666666668,26.4,19.9,100.0,74.0,0.4083333333333334,Cachoeira Paulista
2023-03-12,3.6,948.981818181818,17941.1,22.59090909090909,28.6,19.8,100.0,59.0,0.790909090909091,Cachoeira Paulista
2023-03-13,1.0,949.8909090909092,17096.0,23.145454545454545,27.8,20.1,100.0,59.0,1.7545454545454546,Cachoeira Paulista
2023-03-14,0.2,950.1652173913044,18419.7,23.578260869565216,29.0,20.0,100.0,54.0,1.1217391304347826,Cachoeira Paulista
2023-03-15,0.0,949.982608695652,21168.0,23.36086956521739,29.7,18.4,100.0,53.0,0.6869565217391304,Cachoeira Paulista
2023-03-16,0.0,949.5434782608696,22874.0,22.93478260869565,29.5,18.0,99.0,46.0,1.1608695652173913,Cachoeira Paulista
2023-03-17,0.0,949.8458333333332,24458.6,22.566666666666663,29.3,16.3,99.0,44.0,0.75,Cachoeira Paulista
2023-03-18,0.0,949.6619047619048,24244.7,23.60952380952381,29.8,17.1,100.0,49.0,1.0761904761904764,Cachoeira Paulista
2023-03-19,0.0,949.25,24364.2,24.541666666666668,31.3,20.1,100.0,47.0,1.075,Cachoeira Paulista
2023-03-20,0.4,948.6833333333334,21934.2,24.21666666666667,32.5,19.8,100.0,40.0,0.8125,Cachoeira Paulista
2023-03-21,1.2000000000000002,949.7625,24193.6,23.016666666666666,31.3,19.8,100.0,44.0,0.8666666666666667,Cachoeira Paulista
2023-03-22,0.0,951.5956521739132,23673.9,23.817391304347822,30.8,17.8,100.0,45.0,0.6521739130434783,Cachoeira Paulista
2023-03-23,0.0,952.018181818182,23813.7,23.70909090909091,30.6,16.8,100.0,40.0,0.8772727272727273,Cachoeira Paulista
2023-03-24,0.0,950.1541666666668,23821.9,24.316666666666663,32.0,18.5,100.0,39.0,0.8208333333333333,Cachoeira Paulista
2023-03-25,0.0,949.25,23527.2,24.366666666666664,32.3,18.3,100.0,43.0,0.7125,Cachoeira Paulista
2023-03-26,0.0,948.7333333333332,22955.7,25.791666666666668,34.0,20.1,100.0,38.0,0.7291666666666666,Cachoeira Paulista
2023-03-27,32.4,949.3166666666666,14997.0,23.35,29.7,20.3,100.0,57.0,0.7291666666666666,Cachoeira Paulista
2023-03-28,1.0,950.475,18715.3,22.73333333333333,27.6,19.8,100.0,61.0,1.2208333333333334,Cachoeira Paulista
2023-03-29,0.0,950.475,18360.2,24.02916666666667,29.4,20.2,98.0,55.0,1.575,Cachoeira Paulista
2023-03-30,2.8,949.8083333333334,17533.4,23.85833333333333,31.5,19.5,100.0,47.0,0.95,Cachoeira Paulista
2023-03-31,7.000000000000001,949.075,20454.1,21.633333333333336,32.5,17.4,100.0,43.0,0.5499999999999999,Cachoeira Paulista
2023-04-01,0.2,947.4166666666666,21224.7,22.34583333333333,30.4,17.6,100.0,33.0,0.6083333333333333,Cachoeira Paulista
2023-04-02,0.4,949.7304347826088,11983.2,21.39130434782609,25.0,18.7,100.0,58.0,0.9130434782608696,Cachoeira Paulista
2023-04-03,0.0,950.2041666666668,23422.7,21.066666666666663,26.6,15.5,100.0,53.0,1.3541666666666667,Cachoeira Paulista
2023-04-04,0.0,948.625,18426.1,21.891666666666666,27.9,17.1,100.0,56.0,0.8833333333333333,Cachoeira Paulista
2023-04-05,39.6,948.1958333333332,18497.8,22.29583333333333,30.5,17.6,100.0,51.0,0.7625000000000001,Cachoeira Paulista
2023-04-06,3.8,949.3041666666668,14168.8,21.8625,27.5,19.1,100.0,56.0,0.5541666666666667,Cachoeira Paulista
2023-04-07,4.6,948.4041666666668,5412.0,21.15,22.8,19.2,100.0,83.0,0.5750000000000001,Cachoeira Paulista
2023-04-08,47.0,948.8458333333332,12293.7,21.2875,28.0,19.2,100.0,59.0,0.9833333333333332,Cachoeira Paulista
2023-04-09,39.4,951.9916666666668,4233.5,19.579166666666666,21.0,18.8,100.0,89.0,0.0541666666666666,Cachoeira Paulista
2023-04-10,11.6,952.9916666666668,19237.1,20.45833333333333,26.0,16.5,100.0,53.0,0.5666666666666667,Cachoeira Paulista
2023-04-11,0.0,951.3708333333334,21943.6,21.325,26.9,17.1,94.0,53.0,1.3208333333333333,Cachoeira Paulista
2023-04-12,0.0,948.9125,14671.5,21.491666666666664,26.5,16.2,100.0,62.0,1.1041666666666667,Cachoeira Paulista
2023-04-13,0.0,946.5375,19013.6,22.9375,30.6,17.7,100.0,47.0,0.5166666666666667,Cachoeira Paulista
2023-04-14,16.8,946.4958333333334,8507.0,21.65416666666667,27.7,17.8,100.0,60.0,0.5,Cachoeira Paulista
2023-04-15,3.4,947.9333333333334,13925.3,22.258333333333336,27.6,19.8,100.0,59.0,0.8916666666666666,Cachoeira Paulista
2023-04-16,0.2,949.4375,18875.4,22.025,27.7,18.5,100.0,51.0,0.9083333333333332,Cachoeira Paulista
2023-04-17,0.0,943.8833333333332,19213.4,23.375,31.2,18.6,100.0,42.0,1.5625,Cachoeira Paulista
2023-04-18,9.8,943.8833333333332,5649.6,22.6375,26.9,19.2,100.0,63.0,0.6875,Cachoeira Paulista
2023-04-19,14.2,941.075,16899.9,23.116666666666664,28.8,20.3,100.0,51.0,1.1041666666666667,Cachoeira Paulista
2023-04-20,14.2,948.125,20866.8,18.854166666666668,24.5,13.2,100.0,36.0,1.0083333333333333,Cachoeira Paulista
2023-04-21,0.0,952.6791666666668,20109.4,18.0625,24.4,13.6,100.0,36.0,0.9416666666666668,Cachoeira Paulista
2023-04-22,0.0,952.5791666666668,18231.3,18.5125,26.0,12.7,100.0,51.0,0.7000000000000001,Cachoeira Paulista
2023-04-23,0.2,952.8291666666668,18391.3,20.666666666666668,26.9,12.7,100.0,45.0,0.7583333333333333,Cachoeira Paulista
2023-04-24,0.2,953.9625,19679.9,19.2875,26.2,12.3,100.0,33.0,0.4583333333333333,Cachoeira Paulista
2023-04-25,0.0,953.025,18859.7,19.52083333333333,27.7,13.2,100.0,42.0,0.6458333333333334,Cachoeira Paulista
2023-04-26,8.0,950.1833333333334,15375.3,20.904166666666665,28.8,14.8,100.0,50.0,1.0041666666666669,Cachoeira Paulista
2023-04-27,0.4,947.5958333333332,16663.8,21.241666666666667,28.3,16.4,100.0,47.0,0.4583333333333333,Cachoeira Paulista
2023-04-28,2.0,949.5333333333332,3128.0,20.08333333333333,22.5,18.4,100.0,76.0,0.525,Cachoeira Paulista
2023-04-29,1.2,951.3375,12775.0,20.129166666666663,24.5,17.3,100.0,66.0,1.1625,Cachoeira Paulista
2023-04-30,0.0,950.9291666666668,17835.9,21.71666666666667,27.2,18.0,100.0,54.0,0.7791666666666667,Cachoeira Paulista
2023-05-01,0.2,950.9291666666668,19960.9,21.929166666666664,29.3,16.1,100.0,43.0,0.9375,Cachoeira Paulista
2023-05-02,0.0,948.6958333333332,18186.0,21.40416666666667,27.8,17.5,100.0,42.0,0.7625000000000001,Cachoeira Paulista
2023-05-03,0.0,948.59375,6599.0,20.64375,28.6,15.4,100.0,49.0,0.24375,Cachoeira Paulista
2023-05-04,0.0,950.3166666666666,16306.6,22.14583333333333,29.7,17.5,100.0,49.0,0.2166666666666666,Cachoeira Paulista
2023-05-05,0.0,952.275,17283.5,21.70833333333333,29.5,15.7,100.0,46.0,0.2666666666666666,Cachoeira Paulista
2023-05-06,0.0,952.6434782608696,14709.8,22.18260869565217,27.6,18.5,100.0,52.0,0.4217391304347825,Cachoeira Paulista
2023-05-07,0.0,951.5666666666666,17596.399999999998,21.366666666666664,26.9,16.8,100.0,53.0,1.1958333333333333,Cachoeira Paulista
2023-05-08,0.2,951.2458333333334,18150.1,21.029166666666665,28.8,15.2,100.0,48.0,0.5458333333333333,Cachoeira Paulista
2023-05-09,0.0,950.8,15781.0,21.7875,28.8,15.6,100.0,47.0,0.3833333333333333,Cachoeira Paulista
2023-05-10,0.7999999999999999,950.2583333333332,7543.7,21.54583333333333,25.1,19.8,100.0,65.0,0.1958333333333333,Cachoeira Paulista
2023-05-11,8.0,948.0083333333332,10400.1,20.591666666666665,26.0,18.6,100.0,58.0,0.7416666666666667,Cachoeira Paulista
2023-05-12,0.0,948.0083333333332,15715.2,18.741666666666667,24.7,15.0,100.0,43.0,0.6124999999999999,Cachoeira Paulista
2023-05-13,0.0,951.9125,14778.9,17.8,22.9,14.9,94.0,50.0,0.5666666666666667,Cachoeira Paulista
2023-05-14,0.0,953.025,17965.8,18.3875,24.7,14.0,100.0,50.0,0.7333333333333334,Cachoeira Paulista
2023-05-15,0.0,953.3083333333334,17150.399999999998,18.1375,24.5,14.4,100.0,30.0,0.9166666666666666,Cachoeira Paulista
2023-05-16,0.2,952.4833333333332,18535.7,18.1375,24.9,7.4,100.0,28.0,0.5666666666666667,Cachoeira Paulista
2023-05-17,0.0,953.275,16950.100000000002,15.679166666666667,23.7,8.7,100.0,44.0,0.8666666666666667,Cachoeira Paulista
2023-05-18,0.0,954.3583333333332,17120.399999999998,16.679166666666667,23.4,11.8,100.0,46.0,0.25,Cachoeira Paulista
2023-05-19,0.0,953.7916666666666,17412.7,15.9875,23.3,10.4,100.0,46.0,0.5166666666666667,Cachoeira Paulista
2023-05-20,0.2,952.7958333333332,18253.0,15.5125,24.0,7.9,100.0,46.0,0.975,Cachoeira Paulista
2023-05-21,0.2,951.2375,18253.0,16.241666666666667,25.2,9.0,100.0,41.0,0.7708333333333334,Cachoeira Paulista
2023-05-22,0.2,952.4916666666668,15438.2,17.325,25.1,10.9,100.0,41.0,0.7916666666666666,Cachoeira Paulista
2023-05-23,0.0,953.9541666666668,17240.9,18.254166666666663,26.3,11.2,100.0,39.0,0.4208333333333333,Cachoeira Paulista
2023-05-24,0.2,953.8166666666666,12631.8,17.6375,24.6,11.5,100.0,57.0,0.9625,Cachoeira Paulista
2023-05-25,0.2,954.3666666666668,16588.2,18.679166666666667,25.9,12.3,100.0,46.0,0.9666666666666668,Cachoeira Paulista
2023-05-26,0.2,953.9375,17245.7,18.566666666666663,26.0,10.8,100.0,48.0,1.0208333333333333,Cachoeira Paulista
2023-05-27,0.0,952.4416666666666,16593.4,19.9125,27.9,13.1,100.0,48.0,0.6541666666666667,Cachoeira Paulista
2023-05-28,0.2,950.4833333333332,16593.4,19.216666666666665,28.1,12.9,100.0,40.0,0.4833333333333334,Cachoeira Paulista
2023-05-29,2.6,952.3791666666666,7189.599999999999,18.625,22.3,16.4,100.0,64.0,0.85,Cachoeira Paulista
2023-05-30,1.8,955.1208333333334,10646.7,17.754166666666666,21.2,15.8,100.0,63.0,1.3541666666666667,Cachoeira Paulista
2023-05-31,32.4,952.8666666666668,2813.2,16.758333333333333,18.4,15.6,100.0,74.0,0.4583333333333333,Cachoeira Paulista
2023-06-01,0.8,953.5708333333332,13580.1,18.375,23.4,15.8,100.0,55.0,0.9625,Cachoeira Paulista
2023-06-02,0.0,954.0083333333332,13933.1,17.866666666666667,24.3,13.9,100.0,52.0,0.5375,Cachoeira Paulista
2023-06-03,0.0,954.0958333333332,16001.8,17.412499999999998,24.2,11.0,100.0,43.0,0.7875,Cachoeira Paulista
2023-06-04,0.4,954.5958333333332,16798.5,15.85,25.5,9.0,100.0,38.0,0.2833333333333333,Cachoeira Paulista
2023-06-05,0.2,954.2958333333332,15162.1,15.870833333333332,25.2,8.8,100.0,45.0,0.45,Cachoeira Paulista
2023-06-06,0.0,954.4041666666668,14496.4,17.170833333333334,23.5,12.6,100.0,49.0,0.4875,Cachoeira Paulista
2023-06-07,0.2,954.7791666666668,15701.3,17.170833333333334,24.6,9.3,100.0,45.0,0.375,Cachoeira Paulista
2023-06-08,0.2,954.7041666666668,16325.7,16.145833333333332,25.2,8.8,100.0,42.0,0.2083333333333333,Cachoeira Paulista
2023-06-09,0.2,952.9708333333332,16267.2,16.958333333333332,27.2,8.4,100.0,39.0,0.2208333333333333,Cachoeira Paulista
2023-06-10,0.2,951.875,16170.0,17.712500000000002,28.1,9.1,100.0,36.0,0.3541666666666667,Cachoeira Paulista
2023-06-11,0.0,950.6458333333334,15631.1,18.5125,28.8,9.8,100.0,33.0,0.8624999999999999,Cachoeira Paulista
2023-06-12,0.0,950.7041666666668,14310.0,18.7375,28.7,10.8,100.0,32.0,0.1291666666666666,Cachoeira Paulista
2023-06-13,0.0,954.025,7486.1,18.72083333333333,22.9,15.7,100.0,69.0,0.7958333333333334,Cachoeira Paulista
2023-06-14,2.4,953.5916666666668,5221.9,18.2875,21.1,16.8,100.0,69.0,0.4458333333333333,Cachoeira Paulista
2023-06-15,27.6,952.2666666666668,4644.099999999999,17.870833333333334,21.8,15.6,100.0,75.0,0.5583333333333333,Cachoeira Paulista
2023-06-16,0.0,950.9541666666668,6631.0,19.02083333333333,24.7,15.9,100.0,62.0,0.3833333333333333,Cachoeira Paulista
2023-06-17,0.0,953.5041666666666,11870.4,15.4375,20.8,12.3,100.0,58.0,1.1541666666666668,Cachoeira Paulista
2023-06-18,0.2,955.225,11600.9,13.4,20.8,8.9,100.0,51.0,0.2708333333333333,Cachoeira Paulista
2023-06-19,0.0,957.3,15830.2,15.775,22.5,11.7,100.0,44.0,0.375,Cachoeira Paulista
2023-06-20,0.0,956.8833333333332,15642.0,15.6625,22.4,10.2,100.0,45.0,0.65,Cachoeira Paulista
2023-06-21,0.2,954.5041666666666,16176.7,15.170833333333334,24.5,7.9,100.0,38.0,0.6375000000000001,Cachoeira Paulista
2023-06-22,0.0,953.2166666666668,15738.2,17.099999999999998,25.6,10.9,100.0,42.0,0.6666666666666666,Cachoeira Paulista
2023-06-23,0.2,952.1041666666666,13136.1,16.316666666666666,25.1,8.9,100.0,43.0,0.2208333333333333,Cachoeira Paulista
2023-06-24,0.2,952.3,14621.9,17.4375,25.1,10.0,100.0,36.0,0.2375,Cachoeira Paulista
2023-06-25,0.0,953.5583333333334,13336.4,17.133333333333333,25.1,9.6,100.0,42.0,0.3875,Cachoeira Paulista
2023-06-26,0.2,953.7,16217.5,17.345833333333335,27.1,9.4,100.0,40.0,0.2291666666666666,Cachoeira Paulista
2023-06-27,0.2,953.2708333333334,16165.8,16.9375,27.7,7.9,100.0,35.0,0.2708333333333333,Cachoeira Paulista
2023-06-28,0.0,953.2041666666668,16202.8,17.358333333333334,27.9,8.9,100.0,39.0,0.2708333333333333,Cachoeira Paulista
2023-06-29,0.0,953.2041666666668,14872.2,18.141666666666666,26.6,11.0,100.0,39.0,0.4624999999999999,Cachoeira Paulista
2023-06-30,0.2,956.7291666666666,14872.2,18.59583333333333,24.4,14.3,100.0,52.0,0.6625,Cachoeira Paulista
2023-07-01,0.0,954.0833333333334,14221.2,19.025,26.5,14.8,100.0,42.0,0.6291666666666667,Cachoeira Paulista
2023-07-02,0.0,952.6291666666666,15051.6,17.925,24.8,13.4,100.0,42.0,0.6625,Cachoeira Paulista
2023-07-03,0.0,955.0416666666666,12356.6,16.537499999999998,22.9,12.4,100.0,40.0,0.8416666666666667,Cachoeira Paulista
2023-07-04,0.0,955.95,16770.3,15.491666666666667,21.7,8.3,100.0,38.0,1.2041666666666666,Cachoeira Paulista
2023-07-05,0.2,955.475,16643.3,15.125,23.4,7.8,100.0,44.0,1.0,Cachoeira Paulista
2023-07-06,0.0,953.2416666666668,16582.1,15.5125,24.7,8.0,100.0,33.0,0.65,Cachoeira Paulista
2023-07-07,0.0,951.3875,16500.2,15.7875,26.2,7.3,100.0,24.0,0.3833333333333333,Cachoeira Paulista
2023-07-08,0.0,948.9291666666668,15820.6,17.079166666666666,28.4,8.3,96.0,26.0,1.275,Cachoeira Paulista
2023-07-09,2.0,951.0333333333332,4581.0,17.625,20.2,15.0,100.0,65.0,0.3791666666666666,Cachoeira Paulista
2023-07-10,0.0,951.8416666666668,8079.8,18.695833333333333,23.3,15.5,100.0,65.0,0.95,Cachoeira Paulista
2023-07-11,0.2,949.6625,15537.2,20.6625,31.6,13.4,100.0,29.0,0.8083333333333332,Cachoeira Paulista
2023-07-12,0.0,946.9208333333332,14864.1,22.48333333333333,31.1,17.4,100.0,29.0,1.475,Cachoeira Paulista
2023-07-13,0.0,942.9166666666666,14762.7,24.5875,30.5,17.4,74.0,32.0,3.7,Cachoeira Paulista
2023-07-14,0.0,949.3166666666666,16900.2,17.599999999999998,23.5,12.1,90.0,29.0,1.9,Cachoeira Paulista
2023-07-15,0.0,953.4565217391304,15620.5,14.782608695652174,21.7,10.6,92.0,45.0,1.1869565217391305,Cachoeira Paulista
2023-07-16,0.0,951.5041666666666,15870.4,17.479166666666668,27.4,8.4,100.0,42.0,1.2416666666666667,Cachoeira Paulista
2023-07-17,0.0,951.6833333333334,12185.3,20.129166666666663,26.4,13.8,100.0,55.0,0.9041666666666668,Cachoeira Paulista
2023-07-18,0.0,954.7041666666668,4128.9,19.004166666666663,21.7,17.4,97.0,74.0,1.1833333333333331,Cachoeira Paulista
2023-07-19,0.0,959.7041666666668,7274.7,18.008333333333333,21.9,16.2,99.0,66.0,0.9916666666666668,Cachoeira Paulista
2023-07-20,0.0,961.7375,8982.6,17.349999999999998,20.7,15.5,98.0,64.0,1.8833333333333333,Cachoeira Paulista
2023-07-21,0.0,959.9916666666668,14992.7,17.858333333333334,22.9,14.2,100.0,56.0,1.9208333333333332,Cachoeira Paulista
2023-07-22,0.2,957.9291666666668,14992.7,16.658333333333335,23.9,9.9,100.0,44.0,1.3208333333333333,Cachoeira Paulista
2023-07-23,0.0,957.7708333333334,17076.399999999998,18.60833333333333,27.6,11.0,99.0,38.0,0.9416666666666664,Cachoeira Paulista
2023-07-24,0.0,956.7291666666666,17147.6,18.554166666666667,28.3,10.6,96.0,34.0,0.7125,Cachoeira Paulista
2023-07-25,0.0,953.55,15462.8,19.791666666666668,28.5,13.9,98.0,38.0,0.3083333333333333,Cachoeira Paulista
2023-07-26,0.0,952.3625,16138.9,19.58333333333333,28.4,13.9,100.0,37.0,0.5375,Cachoeira Paulista
2023-07-27,0.0,953.5916666666668,17172.899999999998,20.4,29.2,13.1,100.0,34.0,1.0333333333333334,Cachoeira Paulista
2023-07-28,7.6,954.5291666666668,16923.3,20.4,29.9,13.7,100.0,32.0,1.0416666666666667,Cachoeira Paulista
2023-07-29,0.4,955.0208333333334,10994.1,18.820833333333333,23.8,16.0,100.0,56.0,1.125,Cachoeira Paulista
2023-07-30,4.6,957.1375,12589.4,16.270833333333332,22.3,13.3,100.0,56.0,1.075,Cachoeira Paulista
2023-07-31,0.0,956.4583333333334,14197.0,16.604166666666668,24.9,11.7,100.0,51.0,0.4666666666666666,Cachoeira Paulista
2023-08-01,0.2,956.025,14006.2,17.704166666666666,26.0,12.0,100.0,47.0,0.4541666666666666,Cachoeira Paulista
2023-08-02,0.2,954.9625,17435.3,17.716666666666665,27.9,10.2,100.0,28.0,0.4958333333333333,Cachoeira Paulista
2023-08-03,0.0,952.875,18998.4,18.141666666666666,29.9,8.8,100.0,24.0,0.7041666666666666,Cachoeira Paulista
2023-08-04,0.0,952.7375,18186.1,17.895833333333332,27.0,9.9,100.0,41.0,0.8250000000000001,Cachoeira Paulista
2023-08-05,0.2,953.4333333333334,16655.8,18.329166666666666,28.4,10.5,100.0,33.0,0.6,Cachoeira Paulista
2023-08-06,0.0,953.9708333333332,18519.2,19.75,28.7,11.7,100.0,35.0,0.8208333333333333,Cachoeira Paulista
2023-08-07,0.0,952.8041666666668,18816.5,21.495833333333334,31.4,14.0,96.0,25.0,0.4333333333333333,Cachoeira Paulista
2023-08-08,0.0,956.0708333333332,7798.8,20.125,25.0,15.0,97.0,54.0,1.1458333333333333,Cachoeira Paulista
2023-08-09,0.0,955.6166666666668,16386.9,19.425,24.4,15.4,100.0,58.0,2.529166666666667,Cachoeira Paulista
2023-08-10,0.0,952.575,17662.5,21.625,27.8,17.3,83.0,46.0,3.575,Cachoeira Paulista
2023-08-11,0.0,951.15,18871.7,23.454166666666666,32.4,16.0,91.0,29.0,1.6958333333333335,Cachoeira Paulista
2023-08-12,0.0,952.0625,15958.4,20.47083333333333,32.4,13.0,100.0,29.0,1.15,Cachoeira Paulista
2023-08-13,2.2,953.7958333333332,11982.3,18.716666666666665,24.3,14.0,100.0,56.0,0.8041666666666667,Cachoeira Paulista
2023-08-14,0.0,954.35,14208.5,19.02083333333333,24.2,15.6,100.0,58.0,1.55,Cachoeira Paulista
2023-08-15,0.0,953.7666666666668,13968.0,20.879166666666663,27.3,18.0,96.0,50.0,1.2375,Cachoeira Paulista
2023-08-16,0.0,954.3458333333332,13537.5,21.2,25.8,17.1,100.0,55.0,1.8375,Cachoeira Paulista
2023-08-17,0.0,952.0666666666666,19113.6,21.89583333333333,29.8,16.4,92.0,38.0,1.1458333333333333,Cachoeira Paulista
2023-08-18,0.0,947.4291666666668,17819.6,23.22083333333333,30.7,16.1,98.0,33.0,1.0166666666666666,Cachoeira Paulista
2023-08-19,0.0,944.2958333333332,14235.6,23.5625,30.7,16.7,76.0,31.0,2.1166666666666667,Cachoeira Paulista
2023-08-20,0.0,947.325,5515.7,19.55,30.7,17.0,100.0,48.0,1.1166666666666667,Cachoeira Paulista
2023-08-21,0.0,946.4,16655.6,20.304166666666667,30.1,12.1,100.0,32.0,1.0166666666666666,Cachoeira Paulista
2023-08-22,0.0,946.725,20806.1,21.366666666666664,32.0,12.1,100.0,21.0,0.9499999999999998,Cachoeira Paulista
2023-08-23,0.0,944.5958333333332,20471.9,23.183333333333334,34.8,13.5,78.0,20.0,1.5875,Cachoeira Paulista
2023-08-24,0.0,943.6333333333332,18946.8,25.70833333333333,36.1,15.5,71.0,18.0,1.9791666666666667,Cachoeira Paulista
2023-08-25,0.0,944.9666666666668,16644.1,22.166666666666668,29.3,17.4,100.0,48.0,1.2166666666666668,Cachoeira Paulista
2023-08-26,16.8,948.7208333333332,3311.2,17.045833333333334,20.6,14.7,100.0,72.0,1.45,Cachoeira Paulista
2023-08-27,14.4,952.975,2080.0,14.104166666666666,14.7,13.0,100.0,100.0,1.45,Cachoeira Paulista
2023-08-28,4.6,952.975,7328.5,14.8625,18.3,13.1,100.0,71.0,0.3208333333333333,Cachoeira Paulista
2023-08-29,0.0,953.7708333333334,8000.0,16.85,20.8,14.3,96.0,68.0,0.45,Cachoeira Paulista
2023-08-30,0.0,950.1041666666666,19479.4,20.870833333333334,29.5,15.4,100.0,38.0,0.6791666666666667,Cachoeira Paulista
2023-08-31,0.0,951.7875,18174.0,20.541666666666668,28.2,14.7,100.0,36.0,0.6541666666666667,Cachoeira Paulista
2023-09-01,0.0,952.1041666666666,20333.7,21.054166666666667,28.0,16.4,96.0,48.0,2.333333333333333,Cachoeira Paulista
2023-09-02,0.0,950.0375,17700.4,23.1125,29.3,18.5,83.0,49.0,3.2583333333333333,Cachoeira Paulista
2023-09-03,16.0,949.4708333333332,20834.6,25.5625,33.9,19.1,100.0,34.0,1.4958333333333331,Cachoeira Paulista
2023-09-04,0.0,948.2333333333332,19514.9,25.5625,34.6,20.2,91.0,37.0,1.1041666666666667,Cachoeira Paulista
2023-09-05,0.0,950.75,12158.5,24.941666666666663,32.0,20.4,87.0,47.0,1.0625,Cachoeira Paulista
2023-09-06,0.0,956.9416666666666,12158.5,19.47083333333333,23.3,20.4,100.0,64.0,1.3208333333333333,Cachoeira Paulista
2023-09-07,0.0,956.1291666666666,19428.0,20.070833333333333,25.3,16.5,89.0,54.0,2.525,Cachoeira Paulista
2023-09-08,0.0,951.6916666666666,23397.9,22.33333333333333,30.2,16.2,98.0,33.0,2.395833333333333,Cachoeira Paulista
2023-09-09,0.0,950.7541666666666,21797.5,23.925,32.6,17.1,80.0,31.0,1.5916666666666668,Cachoeira Paulista
2023-09-10,0.0,952.3625,17447.6,23.166666666666668,28.9,15.9,100.0,40.0,1.15,Cachoeira Paulista
2023-09-11,0.0,951.7375,23442.3,23.133333333333336,30.1,17.0,100.0,36.0,1.3083333333333331,Cachoeira Paulista
2023-09-12,0.0,950.2666666666668,23797.8,24.541666666666668,31.9,14.5,81.0,26.0,1.1083333333333334,Cachoeira Paulista
2023-09-13,0.0,947.2625,23426.7,24.60833333333333,34.3,16.1,80.0,22.0,1.2583333333333333,Cachoeira Paulista
2023-09-14,0.0,946.8833333333332,11033.4,23.254166666666663,31.5,17.8,93.0,37.0,1.1041666666666667,Cachoeira Paulista
2023-09-15,7.800000000000001,952.1416666666668,8149.2,17.599999999999998,20.5,14.9,100.0,67.0,1.0833333333333333,Cachoeira Paulista
2023-09-16,0.0,951.2625,23871.3,20.725,30.4,13.7,100.0,43.0,1.3666666666666665,Cachoeira Paulista
2023-09-17,0.0,950.4291666666668,23686.7,24.754166666666663,32.7,18.3,95.0,40.0,1.0958333333333334,Cachoeira Paulista
2023-09-18,0.0,950.3541666666666,24246.0,25.779166666666665,34.1,17.4,98.0,23.0,0.2166666666666666,Cachoeira Paulista
2023-09-19,0.0,949.6,24874.2,24.004166666666663,34.0,13.2,90.0,16.0,0.5875,Cachoeira Paulista
2023-09-20,0.0,950.3375,23509.9,23.004166666666663,33.1,13.2,93.0,21.0,0.2333333333333333,Cachoeira Paulista
2023-09-21,0.0,949.3,23747.6,24.92083333333333,31.9,19.7,90.0,39.0,1.3666666666666665,Cachoeira Paulista
2023-09-22,0.0,947.0166666666668,23723.0,26.9375,35.3,18.3,83.0,22.0,1.3666666666666665,Cachoeira Paulista
2023-09-23,0.0,946.918181818182,23723.0,26.027272727272727,35.6,15.9,93.0,28.0,0.3,Cachoeira Paulista
2023-09-24,0.0,945.6291666666666,24018.6,26.67083333333333,37.7,16.7,100.0,15.0,0.4499999999999999,Cachoeira Paulista
2023-09-25,0.0,945.5375,22063.8,26.4,35.5,18.6,91.0,35.0,0.5708333333333334,Cachoeira Paulista
2023-09-26,0.2,944.3375,21307.0,26.9625,35.7,18.6,100.0,35.0,0.6375000000000001,Cachoeira Paulista
2023-09-27,0.6000000000000001,942.1458333333334,21307.0,26.054166666666664,30.3,21.9,91.0,47.0,0.0875,Cachoeira Paulista
2023-09-28,5.2,949.4454545454544,8065.6,19.14090909090909,21.6,16.1,100.0,68.0,1.8136363636363635,Cachoeira Paulista
2023-09-29,1.2,952.7333333333332,18665.7,18.9,25.3,15.8,100.0,55.0,2.0083333333333333,Cachoeira Paulista
2023-09-30,0.0,952.7333333333332,22485.9,21.347826086956523,27.4,17.0,89.0,55.0,2.0,Cachoeira Paulista
2023-10-01,63.4,947.3333333333334,4540.1,19.9,22.4,18.1,100.0,74.0,1.1380952380952385,Cachoeira Paulista
2023-10-02,2.6,945.85,8571.6,20.683333333333334,26.0,18.5,100.0,67.0,0.5125000000000001,Cachoeira Paulista
2023-10-03,0.2,945.8125,16199.4,21.78333333333333,28.4,18.5,100.0,61.0,1.2208333333333334,Cachoeira Paulista
2023-10-04,0.0,943.9083333333332,18530.7,25.0125,33.7,20.0,93.0,42.0,1.2208333333333334,Cachoeira Paulista
2023-10-05,5.8,943.0,19607.7,24.460869565217397,33.9,20.0,100.0,46.0,1.6130434782608696,Cachoeira Paulista
2023-10-06,14.6,946.8956521739128,22495.1,26.00869565217392,33.9,20.1,100.0,45.0,0.4565217391304347,Cachoeira Paulista
2023-10-07,1.8,946.8791666666666,13821.9,27.179166666666664,34.2,22.9,97.0,46.0,0.6791666666666667,Cachoeira Paulista
2023-10-08,1.6,948.2304347826088,16244.4,24.40869565217391,29.7,20.8,98.0,46.0,1.2130434782608694,Cachoeira Paulista
2023-10-09,19.2,947.7391304347826,16244.4,24.20434782608696,29.7,20.6,100.0,53.0,1.3391304347826087,Cachoeira Paulista
2023-10-10,0.0,951.7227272727272,12874.7,21.63636363636364,26.3,19.2,91.0,61.0,1.5909090909090908,Cachoeira Paulista
2023-10-11,0.0,948.9681818181816,25883.5,23.727272727272727,30.8,18.2,93.0,49.0,1.8863636363636365,Cachoeira Paulista
2023-10-12,21.4,944.8857142857142,16499.9,23.727272727272727,32.7,19.6,100.0,46.0,1.7523809523809522,Cachoeira Paulista
2023-10-13,1.6,948.891304347826,9821.4,20.90869565217391,25.5,19.3,100.0,67.0,1.4304347826086956,Cachoeira Paulista
2023-10-14,2.8,953.8565217391304,3615.9,18.495652173913044,20.4,17.1,100.0,86.0,0.1565217391304348,Cachoeira Paulista
2023-10-15,0.2,953.5190476190476,26264.6,21.99047619047619,28.0,17.5,100.0,59.0,1.3952380952380952,Cachoeira Paulista
2023-10-16,0.0,950.4454545454544,25663.9,25.55,32.2,20.1,92.0,44.0,0.109090909090909,Cachoeira Paulista
2023-10-17,22.0,949.491304347826,20412.8,24.56086956521739,30.3,20.1,100.0,49.0,0.8391304347826087,Cachoeira Paulista
2023-10-18,0.2,950.231818181818,20412.8,23.55454545454546,29.2,19.7,100.0,50.0,0.0227272727272727,Cachoeira Paulista
2023-10-19,1.4,951.7041666666668,7649.900000000001,20.65,24.6,18.0,100.0,62.0,0.0041666666666666,Cachoeira Paulista
2023-10-20,0.0,951.6347826086956,8344.6,19.208695652173912,23.2,17.4,100.0,67.0,1.056521739130435,Cachoeira Paulista
2023-10-21,0.2,951.7708333333334,13270.5,20.258333333333333,24.5,17.6,100.0,64.0,1.2041666666666668,Cachoeira Paulista
2023-10-22,0.0,951.0625,28827.4,22.120833333333334,28.1,17.7,96.0,46.0,0.5208333333333334,Cachoeira Paulista
2023-10-23,0.0,948.4291666666668,26500.0,22.120833333333334,32.8,18.7,93.0,41.0,0.5458333333333333,Cachoeira Paulista
2023-10-24,0.6,943.5409090909092,25383.9,26.477272727272727,35.3,18.4,100.0,34.0,1.0318181818181815,Cachoeira Paulista
2023-10-25,9.8,943.1826086956522,17473.2,23.27391304347826,29.8,20.2,100.0,53.0,0.2043478260869564,Cachoeira Paulista
2023-10-26,8.6,942.8125,12340.6,21.89583333333333,26.9,18.9,100.0,64.0,0.2541666666666666,Cachoeira Paulista
2023-10-27,0.0,945.0625,22894.8,23.325,28.7,20.0,96.0,59.0,1.0041666666666669,Cachoeira Paulista
2023-10-28,19.200000000000003,945.3217391304348,12129.5,23.791304347826088,29.4,19.3,100.0,55.0,1.0043478260869565,Cachoeira Paulista
2023-10-29,35.8,944.4772727272727,12890.4,24.981818181818184,31.6,21.4,100.0,50.0,0.9454545454545452,Cachoeira Paulista
2023-10-30,3.6,945.35,21674.8,24.954166666666666,33.1,20.8,100.0,44.0,0.1208333333333333,Cachoeira Paulista
2023-10-31,20.2,944.717391304348,18247.8,25.082608695652173,31.8,19.8,99.0,56.0,0.6347826086956523,Cachoeira Paulista
2023-11-01,2.8,945.908695652174,16735.9,22.347826086956523,28.7,18.6,100.0,57.0,0.782608695652174,Cachoeira Paulista
2023-11-02,0.0,947.2142857142856,10978.5,21.2,25.1,18.3,91.0,67.0,0.782608695652174,Cachoeira Paulista
2023-11-03,4.2,943.8304347826088,24765.1,24.291304347826088,31.8,19.1,97.0,49.0,1.8391304347826083,Cachoeira Paulista
2023-11-04,1.0,942.3782608695652,24348.2,24.50434782608696,31.3,19.7,100.0,38.0,0.7434782608695651,Cachoeira Paulista
2023-11-05,0.0,942.3782608695652,30275.4,21.675,28.6,15.9,100.0,39.0,0.6916666666666668,Cachoeira Paulista
2023-11-06,0.4,951.8625,23514.8,19.841666666666665,26.1,15.0,96.0,53.0,1.3541666666666667,Cachoeira Paulista
2023-11-07,0.0,952.4916666666668,28385.7,20.05,26.7,14.7,94.0,45.0,1.4291666666666665,Cachoeira Paulista
2023-11-08,0.0,950.4,30067.5,22.425,33.1,14.9,99.0,21.0,0.5875,Cachoeira Paulista
2023-11-09,0.0,947.7083333333334,28708.3,25.445833333333336,34.6,15.5,94.0,29.0,0.5499999999999999,Cachoeira Paulista
2023-11-10,0.0,948.2416666666668,27106.9,26.016666666666666,32.7,20.3,95.0,42.0,0.2375,Cachoeira Paulista
2023-11-11,0.0,946.5318181818184,27171.6,27.568181818181817,35.5,21.6,92.0,32.0,0.0,Cachoeira Paulista
2023-11-12,0.0,944.5652173913044,28159.7,28.93478260869565,37.8,20.2,94.0,23.0,0.1956521739130435,Cachoeira Paulista
2023-11-13,0.0,944.568181818182,28796.8,29.595454545454547,38.6,19.9,94.0,25.0,0.0772727272727272,Cachoeira Paulista
2023-11-14,0.4,943.6272727272728,26046.4,29.154545454545453,38.6,20.5,97.0,26.0,0.2636363636363636,Cachoeira Paulista
2023-11-15,3.2,945.5217391304348,20691.1,25.83478260869565,35.0,20.1,93.0,44.0,0.2636363636363636,Cachoeira Paulista
2023-11-16,0.2,943.9583333333334,22919.6,26.691666666666663,35.6,19.6,98.0,33.0,0.1291666666666666,Cachoeira Paulista
2023-11-17,0.0,942.8086956521738,23017.6,28.573913043478264,37.3,20.7,95.0,33.0,0.1869565217391304,Cachoeira Paulista
2023-11-18,0.0,942.1857142857144,24004.6,30.490476190476187,37.8,23.0,91.0,35.0,1.319047619047619,Cachoeira Paulista
2023-11-19,32.8,946.4541666666668,7720.2,24.829166666666666,30.4,19.0,87.0,35.0,0.3083333333333333,Cachoeira Paulista
2023-11-20,1.0,948.1391304347826,12808.2,22.213043478260868,28.0,19.2,100.0,61.0,0.2434782608695652,Cachoeira Paulista
2023-11-21,0.2,946.2727272727273,26557.6,25.30454545454546,32.7,19.7,95.0,46.0,0.6090909090909091,Cachoeira Paulista
2023-11-22,3.4,944.3909090909092,25377.4,27.13181818181818,35.3,22.0,98.0,41.0,0.109090909090909,Cachoeira Paulista
2023-11-23,0.0,945.7619047619048,16172.9,26.1,31.7,21.8,98.0,53.0,0.3142857142857143,Cachoeira Paulista
2023-11-24,8.4,951.395238095238,7026.8,21.64761904761905,24.2,18.0,100.0,65.0,2.171428571428572,Cachoeira Paulista
2023-11-25,0.0,952.9521739130436,9061.7,19.11304347826087,22.4,16.3,98.0,61.0,0.4391304347826086,Cachoeira Paulista
2023-11-26,0.0,950.875,21711.8,20.20833333333333,25.9,16.3,94.0,61.0,1.65,Cachoeira Paulista
2023-11-27,0.0,950.45,20432.7,22.71818181818182,28.2,17.6,98.0,56.0,0.2863636363636364,Cachoeira Paulista
2023-11-28,35.2,948.19,19973.4,23.925,30.3,18.6,100.0,58.0,0.15,Cachoeira Paulista
2023-11-29,14.0,946.7095238095238,11326.4,23.504761904761907,27.1,20.4,99.0,57.0,0.819047619047619,Cachoeira Paulista
2023-11-30,9.0,945.4782608695652,29322.4,25.47391304347826,35.0,19.2,100.0,38.0,0.2869565217391304,Cachoeira Paulista
2023-12-01,1.8,946.9208333333332,25026.2,24.979166666666668,32.8,20.1,100.0,38.0,0.0,Cachoeira Paulista
2023-12-02,0.0,945.42,29327.8,26.945,34.8,20.7,97.0,30.0,0.01,Cachoeira Paulista
2023-12-03,0.0,944.0875,29131.2,27.579166666666666,35.9,21.3,99.0,28.0,0.0,Cachoeira Paulista
2023-12-04,9.8,945.8909090909092,25914.1,26.60909090909091,35.0,20.6,99.0,42.0,0.5227272727272727,Cachoeira Paulista
2023-12-05,1.2000000000000002,949.6739130434784,18502.8,24.073913043478264,30.9,20.2,99.0,56.0,0.1434782608695652,Cachoeira Paulista
2023-12-06,43.6,948.7916666666666,18044.1,25.20833333333333,30.6,20.7,98.0,56.0,0.0,Cachoeira Paulista
2023-12-07,0.0,946.6826086956522,25420.6,27.70434782608696,35.2,21.9,98.0,40.0,0.1652173913043478,Cachoeira Paulista
2023-12-08,3.6,947.2304347826088,19291.7,25.095652173913045,32.9,21.9,100.0,42.0,0.5434782608695652,Cachoeira Paulista
2023-12-09,8.4,949.4875,10673.0,22.066666666666663,26.6,19.4,99.0,63.0,0.1458333333333333,Cachoeira Paulista
2023-12-10,1.8,948.8772727272728,25519.2,21.39090909090909,26.5,19.4,98.0,61.0,1.1272727272727272,Cachoeira Paulista
2023-12-11,5.8,946.2208333333332,10817.9,22.20833333333333,27.0,19.2,98.0,64.0,0.175,Cachoeira Paulista
2023-12-12,1.6,949.8227272727272,17460.7,22.963636363636365,29.2,19.6,95.0,54.0,0.209090909090909,Cachoeira Paulista
2023-12-13,0.0,948.9666666666668,28158.5,22.7125,28.3,17.1,96.0,56.0,1.1416666666666666,Cachoeira Paulista
2023-12-14,0.0,947.0041666666666,30868.6,25.991666666666664,34.3,19.7,98.0,37.0,0.0249999999999999,Cachoeira Paulista
2023-12-15,0.0,947.0782608695652,30903.3,27.67391304347826,35.4,20.1,98.0,34.0,0.0249999999999999,Cachoeira Paulista
2023-12-16,0.0,947.695652173913,30815.8,27.76086956521739,33.8,21.6,90.0,38.0,0.7999999999999999,Cachoeira Paulista
2023-12-17,0.0,947.0608695652174,27416.1,25.12608695652174,32.9,20.7,97.0,42.0,1.5260869565217392,Cachoeira Paulista
2023-12-18,0.0,944.3541666666666,29074.9,25.12608695652174,33.9,17.5,98.0,36.0,0.0916666666666666,Cachoeira Paulista
2023-12-19,0.0,943.3208333333332,28278.3,25.02916666666667,32.8,18.6,96.0,29.0,0.7625000000000001,Cachoeira Paulista
2023-12-20,0.0,945.225,30801.9,23.3,30.8,15.7,97.0,31.0,1.25,Cachoeira Paulista
2023-12-21,0.0,946.8565217391304,29882.3,25.291304347826088,33.9,17.3,98.0,34.0,0.4869565217391304,Cachoeira Paulista
2023-12-22,0.0,946.7772727272728,27786.1,26.55909090909091,34.7,20.2,97.0,37.0,0.9727272727272728,Cachoeira Paulista
2023-12-23,8.4,946.7619047619048,21786.0,24.39523809523809,32.2,20.2,98.0,52.0,0.5619047619047619,Cachoeira Paulista
2023-12-24,11.2,946.1227272727272,26159.0,25.25909090909091,33.2,19.4,99.0,43.0,0.0909090909090909,Cachoeira Paulista
2023-12-25,0.4,946.5272727272728,28387.8,25.522727272727277,34.0,19.0,99.0,36.0,0.2818181818181818,Cachoeira Paulista
2023-12-26,3.4,946.0956521739132,15772.0,24.44347826086957,31.9,20.3,98.0,49.0,0.0,Cachoeira Paulista
2023-12-27,27.4,949.7285714285714,15218.8,21.81904761904762,25.8,19.4,98.0,64.0,0.3571428571428571,Cachoeira Paulista
2023-12-28,0.0,948.9541666666668,31285.8,23.079166666666666,30.3,15.4,98.0,52.0,0.0583333333333333,Cachoeira Paulista
2023-12-29,0.0,945.491304347826,29051.2,27.51304347826087,35.2,20.6,93.0,37.0,0.7347826086956522,Cachoeira Paulista
2023-12-30,0.0,946.7434782608696,14934.6,24.51304347826087,29.8,20.9,96.0,58.0,0.7956521739130435,Cachoeira Paulista
2023-12-31,6.0,946.7434782608696,19020.6,21.191666666666663,25.9,18.6,98.0,62.0,1.4166666666666667,Cachoeira Paulista
2023-01-01,0.8,1004.7875,16946.2,25.72083333333333,25.9,23.0,96.0,62.0,1.5916666666666668,Manaus
2023-01-02,1.2,1004.8,12165.3,26.125,32.5,24.3,93.0,58.0,1.3416666666666668,Manaus
2023-01-03,12.4,1005.1291666666666,7731.900000000001,24.9,29.0,22.8,97.0,71.0,1.0791666666666666,Manaus
2023-01-04,0.0,1004.5958333333332,16815.4,27.129166666666663,32.0,23.9,93.0,71.0,1.4458333333333335,Manaus
2023-01-05,2.0,1004.8478260869564,12621.6,27.24347826086957,32.4,24.2,93.0,56.0,1.1434782608695653,Manaus
2023-01-06,21.4,1006.1583333333332,9077.3,25.10833333333333,28.2,22.6,97.0,74.0,1.1434782608695653,Manaus
2023-01-07,0.0,1005.9956521739132,22110.5,27.808695652173917,33.6,24.7,94.0,49.0,1.4,Manaus
2023-01-08,1.2,1006.1583333333332,11927.5,27.225,32.5,24.7,94.0,58.0,0.9708333333333332,Manaus
2023-01-09,13.8,1005.4761904761904,8343.0,25.41428571428572,32.0,22.5,96.0,64.0,0.9761904761904762,Manaus
2023-01-10,7.0,1006.4304347826088,9125.8,24.52173913043478,28.2,22.7,96.0,71.0,0.9434782608695652,Manaus
2023-01-11,0.0,1005.6217391304348,21046.8,27.29565217391304,32.6,24.5,93.0,56.0,1.7608695652173914,Manaus
2023-01-12,2.6,1004.291304347826,18974.3,27.686956521739127,32.7,24.2,92.0,56.0,1.5782608695652172,Manaus
2023-01-13,33.6,1004.2708333333334,5146.2,25.383333333333336,27.8,22.5,97.0,75.0,0.9625,Manaus
2023-01-14,5.2,1005.5272727272728,14770.9,25.472727272727276,30.2,22.2,95.0,62.0,1.554545454545455,Manaus
2023-01-15,0.0,1005.7083333333334,13354.5,26.92083333333333,31.1,24.2,93.0,60.0,1.5541666666666665,Manaus
2023-01-16,34.800000000000004,1004.4583333333334,14371.1,26.525,31.9,23.5,98.0,57.0,1.1708333333333334,Manaus
2023-01-17,10.8,1004.8958333333334,5355.2,24.241666666666664,26.8,23.3,96.0,77.0,1.0,Manaus
2023-01-18,3.8,1006.0291666666668,13201.9,25.666666666666668,30.9,22.8,97.0,57.0,1.0291666666666666,Manaus
2023-01-19,0.0,1006.2708333333334,13414.6,25.34583333333333,30.8,22.7,89.0,60.0,2.025,Manaus
2023-01-20,9.8,1006.2391304347826,6933.6,24.791304347826088,27.3,22.0,95.0,73.0,1.1695652173913045,Manaus
2023-01-21,0.0,1005.4090909090908,13448.9,25.75909090909091,32.3,23.1,96.0,60.0,1.059090909090909,Manaus
2023-01-22,5.0,1004.6458333333334,10339.6,25.03333333333333,30.8,22.1,95.0,61.0,1.1125,Manaus
2023-01-23,4.8,1005.3,16464.6,25.969565217391303,32.1,22.4,97.0,56.0,1.317391304347826,Manaus
2023-01-24,26.6,1004.8083333333334,10964.6,25.7875,30.5,23.9,96.0,66.0,0.725,Manaus
2023-01-25,38.8,1004.4,5785.099999999999,24.536363636363635,28.7,22.9,97.0,69.0,0.7727272727272727,Manaus
2023-01-26,0.4,1003.7833333333332,10074.1,25.52916666666667,30.4,22.6,98.0,66.0,0.7041666666666666,Manaus
2023-01-27,13.6,1003.6583333333332,9248.9,26.354166666666668,31.5,22.6,96.0,65.0,1.05,Manaus
2023-01-28,5.800000000000001,1004.2045454545456,11725.5,25.827272727272728,30.7,23.2,96.0,59.0,1.3909090909090909,Manaus
2023-01-29,0.0,1004.5916666666668,14311.3,26.45,31.5,23.8,92.0,56.0,1.4791666666666667,Manaus
2023-01-30,15.6,1003.908695652174,3757.8,25.02608695652174,27.9,22.4,95.0,72.0,0.9739130434782608,Manaus
2023-01-31,0.2,1004.3583333333332,13951.5,25.729166666666668,32.3,23.4,94.0,56.0,1.7083333333333333,Manaus
2023-02-01,0.0,1004.3956521739128,19557.4,26.817391304347822,32.0,23.7,90.0,54.0,2.108695652173913,Manaus
2023-02-02,0.0,1005.0739130434785,14911.0,27.317391304347822,32.1,24.3,88.0,56.0,2.1608695652173915,Manaus
2023-02-03,1.2,1004.9434782608696,16027.4,27.83478260869565,32.7,25.2,88.0,57.0,1.6652173913043478,Manaus
2023-02-04,28.4,1006.8041666666668,16027.4,24.8625,29.3,23.5,97.0,70.0,1.0583333333333331,Manaus
2023-02-05,13.2,1006.4869565217392,5201.8,24.595652173913045,26.2,22.3,96.0,85.0,0.9565217391304348,Manaus
2023-02-06,3.2,1004.6826086956522,12941.3,26.321739130434786,31.5,23.3,97.0,65.0,0.8782608695652173,Manaus
2023-02-07,6.2,1004.3666666666668,8002.2,26.02916666666667,30.3,23.9,98.0,71.0,0.7208333333333333,Manaus
2023-02-08,6.2,1004.35,10852.2,25.7875,30.3,23.9,96.0,67.0,0.9291666666666668,Manaus
2023-02-09,12.8,1004.5,6045.3,24.879166666666663,27.3,23.5,97.0,82.0,0.8708333333333332,Manaus
2023-02-10,2.0,1004.2521739130434,12885.8,25.86521739130435,31.5,23.5,98.0,64.0,1.065217391304348,Manaus
2023-02-11,21.8,1003.9375,6144.7,25.245833333333334,28.2,22.1,98.0,75.0,1.0916666666666666,Manaus
2023-02-12,43.2,1002.9875,11201.6,25.9125,30.8,22.8,98.0,64.0,1.2083333333333333,Manaus
2023-02-13,18.4,1002.717391304348,13302.2,26.730434782608693,30.4,23.7,98.0,68.0,0.9782608695652174,Manaus
2023-02-14,5.2,1003.4428571428572,10877.9,25.566666666666663,30.7,23.3,97.0,66.0,1.0571428571428572,Manaus
2023-02-15,15.6,1003.5291666666668,13715.3,25.566666666666663,32.3,23.8,97.0,64.0,0.9666666666666668,Manaus
2023-02-16,58.6,1002.8083333333334,3070.7,24.804166666666664,26.1,22.1,98.0,85.0,0.9083333333333332,Manaus
2023-02-17,0.0,1003.0416666666666,3070.7,25.42083333333333,29.7,23.5,98.0,68.0,1.4541666666666666,Manaus
2023-02-18,8.8,1003.0416666666666,18993.9,26.94347826086957,32.7,24.0,97.0,54.0,1.3130434782608695,Manaus
2023-02-19,18.2,1003.8434782608696,11175.7,25.51304347826087,30.5,23.8,97.0,64.0,1.1695652173913045,Manaus
2023-02-20,39.0,1004.6181818181816,7044.7,23.963636363636365,26.9,22.5,98.0,80.0,1.0909090909090908,Manaus
2023-02-21,3.2,1005.608695652174,10846.6,23.665217391304346,28.5,21.7,98.0,72.0,1.2521739130434784,Manaus
2023-02-22,0.6,1006.704761904762,20180.2,26.37142857142857,31.9,23.4,95.0,56.0,1.5523809523809524,Manaus
2023-02-23,0.0,1006.4083333333332,16277.1,27.516666666666666,33.5,25.0,90.0,52.0,1.1958333333333333,Manaus
2023-02-24,2.6,1005.7217391304348,13179.9,27.130434782608692,31.5,25.1,93.0,63.0,1.2565217391304346,Manaus
2023-02-25,43.4,1005.7416666666668,11047.1,26.03333333333333,30.9,23.4,98.0,63.0,1.0583333333333331,Manaus
2023-02-26,0.6,1005.3083333333334,17789.1,26.2125,33.1,23.1,97.0,50.0,1.1208333333333331,Manaus
2023-02-27,0.4,1005.4043478260868,21373.0,27.5,32.8,24.6,93.0,53.0,1.6782608695652177,Manaus
2023-02-28,0.8,1006.5416666666666,16277.0,26.179166666666664,31.5,23.4,95.0,59.0,1.5166666666666666,Manaus
2023-03-01,0.0,1005.5791666666668,11947.9,27.83333333333333,31.7,24.8,94.0,58.0,1.0333333333333334,Manaus
2023-03-02,15.6,1004.1227272727272,14349.0,26.35909090909091,31.7,23.1,97.0,66.0,1.1181818181818182,Manaus
2023-03-03,0.6000000000000001,1003.304347826087,15344.9,27.30434782608696,31.5,25.1,97.0,66.0,1.4695652173913043,Manaus
2023-03-04,8.2,1003.2708333333334,16119.7,27.429166666666664,32.9,24.1,92.0,58.0,2.0166666666666666,Manaus
2023-03-05,13.0,1003.9958333333334,14517.0,26.59583333333333,30.9,23.2,96.0,69.0,1.05,Manaus
2023-03-06,0.6,1003.9565217391304,10328.5,25.95217391304348,28.9,24.2,96.0,68.0,1.2913043478260868,Manaus
2023-03-07,32.0,1004.4434782608696,4071.8,24.769565217391307,26.9,23.6,97.0,80.0,0.7956521739130435,Manaus
2023-03-08,24.4,1004.7041666666668,5059.5,24.945833333333336,28.1,23.2,97.0,79.0,1.1,Manaus
2023-03-09,14.4,1004.2130434782608,15260.7,26.73913043478261,32.4,23.7,96.0,58.0,1.452173913043478,Manaus
2023-03-10,10.6,1004.1916666666666,11963.5,26.691666666666663,29.7,23.7,97.0,64.0,1.3666666666666665,Manaus
2023-03-11,16.8,1003.7791666666668,8042.599999999999,26.304166666666664,30.9,24.7,97.0,66.0,1.0375,Manaus
2023-03-12,69.8,1005.4875,2417.3,24.570833333333336,25.9,22.9,97.0,91.0,0.6791666666666667,Manaus
2023-03-13,0.0,1006.0125,11205.0,25.9375,31.6,23.7,98.0,61.0,0.8916666666666666,Manaus
2023-03-14,33.6,1006.1166666666668,9933.2,25.975,29.9,22.2,97.0,65.0,1.0625,Manaus
2023-03-15,0.6,1005.3166666666666,11580.7,26.891666666666666,30.6,24.7,97.0,63.0,1.3083333333333331,Manaus
2023-03-16,0.2,1004.9083333333332,9949.1,26.820833333333336,31.8,25.0,92.0,62.0,0.9708333333333332,Manaus
2023-03-17,45.6,1004.5666666666666,5245.8,25.64583333333333,29.3,23.1,98.0,71.0,1.4625,Manaus
2023-03-18,0.0,1005.1,13145.3,25.56190476190476,30.1,22.9,96.0,52.0,1.3904761904761904,Manaus
2023-03-19,29.4,1004.6869565217391,17080.2,26.708695652173912,32.5,23.1,97.0,57.0,1.3565217391304347,Manaus
2023-03-20,0.4,1004.9,16070.7,26.60833333333333,31.2,23.2,95.0,64.0,1.4083333333333332,Manaus
2023-03-21,0.0,1004.1958333333332,18035.6,28.40416666666667,33.7,24.9,94.0,52.0,1.9708333333333328,Manaus
2023-03-22,0.0,1004.4565217391304,12712.6,27.78695652173913,32.3,24.2,88.0,57.0,2.0695652173913044,Manaus
2023-03-23,0.0,1004.5291666666668,19900.3,26.766666666666666,32.0,23.6,92.0,59.0,1.8875,Manaus
2023-03-24,0.2,1004.4875,14262.1,27.875,33.0,25.6,91.0,57.0,1.4833333333333334,Manaus
2023-03-25,49.6,1005.0583333333334,4508.1,25.325,27.4,22.4,97.0,77.0,1.3541666666666667,Manaus
2023-03-26,16.0,1005.75,13706.7,25.829166666666666,32.7,23.7,97.0,56.0,0.8791666666666668,Manaus
2023-03-27,0.0,1005.1041666666666,20067.5,27.1875,33.0,23.8,97.0,54.0,1.0041666666666669,Manaus
2023-03-28,23.2,1004.7416666666668,15878.6,26.825,32.2,23.5,97.0,55.0,1.1291666666666669,Manaus
2023-03-29,0.8,1004.2166666666668,16232.9,27.291666666666668,33.4,23.3,95.0,56.0,1.2,Manaus
2023-03-30,5.6000000000000005,1005.3458333333332,10371.2,26.304166666666664,30.2,24.0,97.0,66.0,1.5791666666666666,Manaus
2023-03-31,0.0,1005.425,21621.2,27.17083333333333,30.2,23.7,90.0,54.0,1.6,Manaus
2023-04-01,31.0,1005.0125,15748.2,27.183333333333334,31.7,22.7,96.0,62.0,1.7166666666666668,Manaus
2023-04-02,31.0,1005.6708333333332,7036.0,24.925,28.0,22.5,97.0,74.0,1.2041666666666666,Manaus
2023-04-03,0.0,1004.4583333333334,12154.9,26.616666666666664,31.7,24.4,94.0,60.0,1.2875,Manaus
2023-04-04,24.2,1003.4625,10119.5,26.070833333333336,31.4,23.6,97.0,62.0,1.0,Manaus
2023-04-05,48.0,1003.0625,8230.0,25.316666666666663,30.0,22.3,98.0,63.0,1.2208333333333334,Manaus
2023-04-06,0.0,1003.2333333333332,16743.5,26.85,31.4,23.9,96.0,56.0,1.8041666666666665,Manaus
2023-04-07,0.0,1003.45,17736.9,27.5875,32.7,23.5,92.0,55.0,1.4958333333333331,Manaus
2023-04-08,7.800000000000001,1004.7541666666666,14585.0,27.2,31.9,23.6,94.0,58.0,1.4166666666666667,Manaus
2023-04-09,0.4,1005.5333333333332,12629.4,26.566666666666663,31.1,24.5,94.0,67.0,1.1541666666666666,Manaus
2023-04-10,7.199999999999999,1006.3208333333332,10116.0,26.325,31.1,24.6,95.0,61.0,1.1833333333333331,Manaus
2023-04-11,0.0,1004.7833333333332,22712.2,27.125,32.9,23.3,96.0,49.0,1.3458333333333332,Manaus
2023-04-12,0.0,1003.0583333333334,18327.3,28.95,33.8,25.5,94.0,50.0,1.2416666666666667,Manaus
2023-04-13,33.8,1002.4875,14641.4,27.829166666666666,32.9,24.7,97.0,60.0,0.9708333333333332,Manaus
2023-04-14,0.0,1001.2846153846154,5197.6,28.56153846153846,34.5,26.5,89.0,53.0,1.4384615384615385,Manaus
2023-04-15,4.2,1003.8583333333332,13181.0,27.27083333333333,33.0,24.7,97.0,59.0,1.0791666666666666,Manaus
2023-04-16,3.6,1004.4958333333334,7019.599999999999,26.27083333333333,30.0,24.1,95.0,70.0,0.8041666666666667,Manaus
2023-04-17,28.6,1003.4666666666668,4755.9,25.441666666666663,27.9,23.5,98.0,80.0,0.8333333333333334,Manaus
2023-04-18,3.8,1002.8541666666666,10441.1,26.09166666666667,31.9,23.9,97.0,63.0,0.8583333333333334,Manaus
2023-04-19,0.0,1004.325,15347.5,27.45833333333333,33.2,23.9,94.0,57.0,1.2083333333333333,Manaus
2023-04-20,4.6,1004.0833333333334,20182.6,28.675,33.4,24.3,93.0,52.0,1.8541666666666667,Manaus
2023-04-21,5.6000000000000005,1003.0956521739132,10587.4,26.208695652173912,30.0,23.7,96.0,71.0,1.3,Manaus
2023-04-22,37.2,1003.575,5265.099999999999,25.5,28.3,22.3,98.0,78.0,0.8541666666666666,Manaus
2023-04-23,0.8,1004.325,15857.2,26.08333333333333,31.7,22.5,97.0,56.0,1.2833333333333334,Manaus
2023-04-24,0.0,1003.8166666666666,20572.8,28.266666666666666,33.0,24.8,93.0,52.0,1.4666666666666668,Manaus
2023-04-25,5.4,1005.8458333333332,7049.2,26.979166666666668,28.7,24.8,95.0,73.0,1.0208333333333333,Manaus
2023-04-26,3.8,1005.6041666666666,12028.5,26.96666666666667,33.7,23.7,97.0,55.0,1.0208333333333333,Manaus
2023-04-27,0.0,1005.6125,15651.4,27.891666666666666,32.7,25.0,94.0,55.0,1.3666666666666665,Manaus
2023-04-28,0.0,1005.3739130434782,18046.7,28.782608695652176,33.4,25.4,91.0,50.0,1.408695652173913,Manaus
2023-04-29,0.0,1005.2625,19791.9,28.782608695652176,33.3,25.5,88.0,56.0,1.6333333333333335,Manaus
2023-04-30,0.0,1005.4583333333334,14803.0,28.558333333333334,32.4,25.4,87.0,58.0,1.3416666666666668,Manaus
2023-05-01,14.2,1005.6875,7648.5,26.23333333333333,30.6,23.5,96.0,65.0,1.1333333333333333,Manaus
2023-05-02,6.6,1006.0083333333332,11017.1,26.129166666666663,31.0,23.1,96.0,63.0,1.125,Manaus
2023-05-03,0.6000000000000001,1004.225,6455.400000000001,27.38125,32.5,24.3,96.0,58.0,0.76875,Manaus
2023-05-04,6.4,1005.0826086956522,11770.3,27.18260869565217,30.6,23.8,96.0,62.0,1.4782608695652173,Manaus
2023-05-05,2.0,1005.3666666666668,14036.1,27.2625,32.0,24.4,96.0,58.0,1.7416666666666665,Manaus
2023-05-06,25.4,1005.3875,8769.7,26.6625,31.5,23.6,97.0,65.0,0.8666666666666667,Manaus
2023-05-07,0.0,1004.5833333333334,14610.2,27.7875,32.7,25.1,98.0,54.0,0.9708333333333332,Manaus
2023-05-08,0.0,1005.5041666666666,10247.0,27.725,31.1,25.2,98.0,63.0,1.0875,Manaus
2023-05-09,6.0,1005.7416666666668,6501.2,27.1875,30.2,24.1,95.0,71.0,1.0291666666666666,Manaus
2023-05-10,0.0,1005.1125,11831.8,27.9125,32.3,25.1,95.0,62.0,0.925,Manaus
2023-05-11,0.0,1006.075,9386.8,26.2875,30.9,24.3,92.0,66.0,1.1791666666666667,Manaus
2023-05-12,0.4,1006.2208333333332,11042.9,26.23333333333333,31.6,23.2,95.0,60.0,1.1041666666666667,Manaus
2023-05-13,0.0,1005.9565217391304,18096.9,28.539130434782606,33.2,25.1,93.0,53.0,1.326086956521739,Manaus
2023-05-14,0.0,1006.0625,16117.3,29.39583333333333,33.8,25.8,92.0,54.0,1.3208333333333333,Manaus
2023-05-15,1.0,1006.7041666666668,14403.6,28.258333333333336,32.3,25.4,94.0,63.0,1.3875,Manaus
2023-05-16,26.8,1006.1916666666666,9071.2,27.116666666666664,31.6,24.9,97.0,63.0,1.0291666666666666,Manaus
2023-05-17,25.4,1005.7,9367.1,26.933333333333334,32.1,24.2,97.0,63.0,0.9166666666666666,Manaus
2023-05-18,3.8,1006.5125,10507.6,26.83333333333333,32.5,23.9,97.0,55.0,0.85,Manaus
2023-05-19,0.0,1005.2,17295.6,28.5875,32.7,25.2,93.0,60.0,2.0,Manaus
2023-05-20,0.0,1003.7041666666668,14236.1,28.979166666666668,32.6,26.2,86.0,59.0,1.675,Manaus
2023-05-21,0.0,1002.7583333333332,16577.0,29.2125,33.8,26.4,92.0,57.0,1.4666666666666668,Manaus
2023-05-22,0.0,1002.9708333333332,13096.5,29.4875,32.8,25.8,93.0,59.0,1.4666666666666668,Manaus
2023-05-23,11.4,1004.3541666666666,10895.5,27.9875,33.1,25.8,97.0,59.0,1.1708333333333334,Manaus
2023-05-24,0.0,1003.4375,5986.7,26.620833333333334,29.9,25.1,93.0,73.0,0.7875,Manaus
2023-05-25,3.4,1003.25,13305.4,27.9625,33.8,25.5,96.0,57.0,1.0625,Manaus
2023-05-26,0.0,1003.25,16211.6,28.979166666666668,33.0,25.8,86.0,60.0,1.8666666666666665,Manaus
2023-05-27,0.0,1005.1291666666666,15980.2,29.6125,33.7,26.0,89.0,54.0,1.5458333333333334,Manaus
2023-05-28,0.0,1005.2625,13568.5,29.7875,33.7,26.7,83.0,54.0,1.5833333333333333,Manaus
2023-05-29,0.7999999999999999,1004.725,8729.0,28.379166666666663,33.5,25.3,91.0,61.0,0.9916666666666668,Manaus
2023-05-30,0.4,1005.4583333333334,14726.4,28.1125,33.4,24.8,87.0,56.0,1.4791666666666667,Manaus
2023-05-31,0.4,1006.45,11230.3,28.3375,32.5,25.5,91.0,56.0,1.7375,Manaus
2023-06-01,0.0,1006.45,14980.7,28.95833333333333,33.3,25.4,89.0,55.0,1.6833333333333331,Manaus
2023-06-02,0.0,1005.4291666666668,14204.4,29.183333333333334,33.1,25.8,90.0,51.0,1.325,Manaus
2023-06-03,14.4,1005.2583333333332,8154.6,27.8,32.4,22.5,97.0,61.0,1.325,Manaus
2023-06-04,3.6,1006.4291666666668,10526.1,27.3375,32.4,24.6,94.0,64.0,1.2375,Manaus
2023-06-05,0.0,1006.4375,9563.9,27.691666666666663,32.0,25.8,92.0,63.0,1.1875,Manaus
2023-06-06,0.0,1006.3125,8702.5,28.133333333333336,33.0,25.8,95.0,52.0,1.0375,Manaus
2023-06-07,0.0,1006.3791666666666,8702.5,28.441666666666663,32.1,25.0,91.0,57.0,1.2583333333333333,Manaus
2023-06-08,0.2,1006.9958333333334,13008.3,28.46666666666667,32.8,25.1,91.0,58.0,1.3666666666666665,Manaus
2023-06-09,0.0,1006.6333333333332,11813.1,28.48333333333333,34.1,24.9,91.0,52.0,1.225,Manaus
2023-06-10,0.0,1006.6333333333332,11158.0,28.48333333333333,32.8,25.9,92.0,60.0,1.2208333333333334,Manaus
2023-06-11,0.0,1006.0333333333332,12402.3,28.254166666666663,33.7,24.8,95.0,55.0,1.1375,Manaus
2023-06-12,0.0,1005.6708333333332,13706.6,28.74166666666667,33.7,24.7,94.0,53.0,1.3583333333333334,Manaus
2023-06-13,0.0,1005.4458333333332,12374.4,29.35833333333333,33.0,26.1,85.0,56.0,1.8208333333333333,Manaus
2023-06-14,0.4,1006.1125,7544.5,27.495833333333334,30.7,25.6,93.0,66.0,1.3791666666666669,Manaus
2023-06-15,2.4000000000000004,1008.5333333333332,4509.2,22.39583333333333,27.0,20.2,96.0,77.0,1.9791666666666667,Manaus
2023-06-16,0.0,1009.6833333333334,4969.8,22.495833333333334,25.4,21.3,89.0,73.0,1.5583333333333331,Manaus
2023-06-17,0.0,1009.4041666666668,7706.8,24.925,29.0,21.8,96.0,70.0,0.8583333333333334,Manaus
2023-06-18,27.2,1008.7416666666668,8230.6,25.383333333333336,28.5,21.6,97.0,69.0,0.8583333333333334,Manaus
2023-06-19,0.2,1008.4666666666668,10117.8,27.125,31.9,23.9,96.0,55.0,0.8958333333333334,Manaus
2023-06-20,0.0,1007.625,11022.9,27.183333333333334,32.0,24.2,97.0,60.0,0.8958333333333334,Manaus
2023-06-21,0.0,1005.9875,13210.1,28.175,32.5,24.9,97.0,55.0,1.0708333333333333,Manaus
2023-06-22,0.0,1005.0,10660.7,29.204166666666666,33.2,25.3,91.0,52.0,1.625,Manaus
2023-06-23,0.0,1005.1416666666668,13678.4,29.47083333333333,33.0,26.2,86.0,55.0,2.0458333333333334,Manaus
2023-06-24,0.0,1005.4041666666668,14348.4,29.741666666666664,33.9,26.8,80.0,54.0,1.9958333333333331,Manaus
2023-06-25,0.0,1005.5125,13965.7,29.979166666666668,33.9,26.6,80.0,47.0,2.066666666666667,Manaus
2023-06-26,0.0,1005.3416666666668,13983.7,30.04583333333333,33.7,26.4,78.0,45.0,1.8041666666666665,Manaus
2023-06-27,0.0,1005.35,14541.4,30.041666666666668,33.2,26.8,79.0,48.0,1.8208333333333333,Manaus
2023-06-28,0.0,1005.9291666666668,12918.8,29.683333333333334,33.7,25.9,84.0,44.0,1.825,Manaus
2023-06-29,0.0,1006.6541666666668,14070.0,29.825,33.7,26.3,81.0,46.0,1.4833333333333334,Manaus
2023-06-30,0.0,1006.65,14087.0,29.65,34.3,26.3,89.0,46.0,1.1416666666666668,Manaus
2023-07-01,0.0,1006.2833333333332,9389.9,29.754166666666663,33.1,27.0,81.0,47.0,1.1375,Manaus
2023-07-02,32.2,1005.6125,9951.7,26.995833333333334,31.5,22.3,97.0,64.0,0.9625,Manaus
2023-07-03,3.6,1005.7625,8063.6,27.0375,32.1,24.0,97.0,62.0,0.8833333333333333,Manaus
2023-07-04,9.6,1006.3416666666668,10288.0,27.71666666666667,32.1,24.0,97.0,51.0,1.075,Manaus
2023-07-05,0.0,1006.475,9510.7,28.3,33.5,25.4,90.0,55.0,1.075,Manaus
2023-07-06,0.0,1005.6208333333334,13636.6,28.941666666666663,33.2,24.4,92.0,52.0,1.5,Manaus
2023-07-07,0.0,1005.1208333333334,13517.3,28.5375,32.3,25.5,89.0,54.0,2.1875,Manaus
2023-07-08,0.0,1005.1208333333334,10053.3,28.775,32.9,25.2,81.0,56.0,1.6375,Manaus
2023-07-09,0.0,1006.1958333333332,10967.2,28.575,32.3,25.6,88.0,57.0,1.4041666666666668,Manaus
2023-07-10,1.4,1005.7875,14600.4,28.383333333333336,33.6,24.4,94.0,51.0,1.1625,Manaus
2023-07-11,0.0,1005.3333333333334,15040.7,29.504166666666663,33.5,25.8,81.0,52.0,2.0166666666666666,Manaus
2023-07-12,0.0,1004.3958333333334,14868.1,29.433333333333334,34.9,25.4,83.0,44.0,1.6041666666666667,Manaus
2023-07-13,0.0,1004.0,15366.2,29.78333333333333,34.3,24.9,83.0,43.0,1.3583333333333334,Manaus
2023-07-14,14.6,1003.8875,12449.0,29.316666666666663,32.8,23.8,96.0,56.0,1.6666666666666667,Manaus
2023-07-15,0.0,1003.8875,12058.0,29.40833333333333,33.3,25.5,91.0,55.0,1.4833333333333334,Manaus
2023-07-16,0.0,1005.2333333333332,13472.3,29.570833333333336,33.3,26.0,90.0,57.0,1.7083333333333333,Manaus
2023-07-17,0.0,1006.3541666666666,15099.8,29.83333333333333,33.7,26.1,82.0,48.0,1.8791666666666669,Manaus
2023-07-18,0.0,1007.6625,14689.2,29.8375,33.9,26.3,87.0,47.0,1.825,Manaus
2023-07-19,0.0,1009.1458333333334,13342.6,29.79583333333333,33.9,25.5,83.0,49.0,1.8916666666666664,Manaus
2023-07-20,0.0,1008.7333333333332,15400.7,30.4375,34.5,25.8,82.0,40.0,1.675,Manaus
2023-07-21,0.0,1007.1833333333334,14258.0,30.370833333333334,34.6,25.9,91.0,41.0,1.35,Manaus
2023-07-22,8.4,1007.2666666666668,11267.0,28.191666666666663,32.7,23.4,96.0,44.0,2.025,Manaus
2023-07-23,0.0,1007.9666666666668,15817.7,29.35,33.5,24.3,86.0,41.0,1.8708333333333331,Manaus
2023-07-24,0.0,1008.0583333333334,14882.5,30.0375,34.3,26.0,87.0,43.0,1.6291666666666669,Manaus
2023-07-25,0.0,1006.35,15567.4,30.195833333333336,34.6,25.2,84.0,36.0,1.4875,Manaus
2023-07-26,0.0,1005.0416666666666,15577.7,30.47083333333333,34.8,25.1,77.0,42.0,1.6041666666666667,Manaus
2023-07-27,0.0,1005.7833333333332,15357.1,30.625,34.8,25.6,77.0,47.0,1.7208333333333332,Manaus
2023-07-28,0.0,1006.5208333333334,15233.5,30.90416666666667,35.2,26.7,82.0,43.0,1.6666666666666667,Manaus
2023-07-29,0.0,1007.2083333333334,15578.4,31.204166666666666,35.5,27.4,88.0,39.0,1.2875,Manaus
2023-07-30,0.0,1006.8291666666668,14705.4,30.679166666666664,35.2,27.9,72.0,43.0,1.7208333333333332,Manaus
2023-07-31,0.0,1007.9666666666668,15567.4,30.266666666666666,34.7,26.4,80.0,47.0,1.5583333333333331,Manaus
2023-08-01,0.0,1007.8208333333332,15194.8,30.575000000000003,35.6,27.0,85.0,43.0,1.3416666666666668,Manaus
2023-08-02,17.2,1007.7458333333334,8725.0,28.23333333333333,33.7,24.1,96.0,52.0,0.9208333333333332,Manaus
2023-08-03,0.8,1007.6375,11895.4,27.35,32.8,24.8,93.0,59.0,1.1833333333333331,Manaus
2023-08-04,0.0,1007.375,12097.2,27.95833333333333,33.6,24.4,94.0,56.0,0.8958333333333334,Manaus
2023-08-05,0.0,1006.9625,14534.3,29.666666666666668,35.0,24.9,93.0,42.0,1.0291666666666666,Manaus
2023-08-06,0.0,1006.6833333333334,16062.8,30.02916666666667,36.1,26.4,89.0,43.0,1.2125,Manaus
2023-08-07,0.0,1007.0625,16912.7,30.42083333333333,35.1,26.9,82.0,47.0,1.7583333333333335,Manaus
2023-08-08,0.0,1007.3041666666668,17258.5,31.008333333333336,35.4,26.9,74.0,44.0,1.8291666666666664,Manaus
2023-08-09,0.0,1006.1791666666668,17258.5,30.98333333333333,35.8,27.2,72.0,41.0,1.3875,Manaus
2023-08-10,0.0,1005.825,11302.6,29.65416666666667,34.3,25.7,83.0,51.0,1.8041666666666665,Manaus
2023-08-11,0.0,1005.75,12930.5,30.14583333333333,34.8,26.8,80.0,48.0,1.775,Manaus
2023-08-12,0.0,1005.1208333333334,17060.0,31.075,35.6,26.3,83.0,41.0,1.8791666666666669,Manaus
2023-08-13,0.0,1004.6,15087.6,30.7,35.3,26.0,84.0,46.0,1.3583333333333334,Manaus
2023-08-14,0.0,1004.9458333333332,16316.6,28.4125,35.3,24.9,88.0,50.0,1.6,Manaus
2023-08-15,0.0,1004.7291666666666,13105.2,28.625,35.3,24.5,89.0,52.0,1.2083333333333333,Manaus
2023-08-16,0.0,1004.3541666666666,13874.5,29.804166666666664,35.5,26.7,91.0,45.0,1.3833333333333335,Manaus
2023-08-17,0.0,1004.4791666666666,12054.4,29.39583333333333,34.9,25.0,91.0,45.0,1.2375,Manaus
2023-08-18,0.0,1002.725,15917.6,30.73333333333333,36.2,25.4,87.0,45.0,1.3875,Manaus
2023-08-19,0.0,1001.6625,15878.2,31.5625,35.6,27.1,75.0,42.0,1.5708333333333335,Manaus
2023-08-20,0.0,1000.8875,18967.8,31.7875,36.9,28.1,73.0,40.0,1.9083333333333328,Manaus
2023-08-21,0.0,1001.5,17423.9,31.954166666666666,36.2,28.0,68.0,34.0,2.3208333333333333,Manaus
2023-08-22,0.0,1001.6708333333332,19628.1,31.77916666666667,36.2,27.5,68.0,39.0,2.2416666666666667,Manaus
2023-08-23,0.0,1001.9083333333332,16248.6,32.204166666666666,36.4,28.5,68.0,41.0,2.0500000000000003,Manaus
2023-08-24,0.0,1003.45,17706.5,31.42083333333333,36.3,26.9,74.0,39.0,2.158333333333333,Manaus
2023-08-25,0.0,1004.1666666666666,17946.6,31.42083333333333,37.7,27.0,75.0,35.0,1.8041666666666665,Manaus
2023-08-26,0.0,1004.125,15531.0,32.1875,37.0,27.1,69.0,37.0,1.5666666666666669,Manaus
2023-08-27,0.0,1005.0708333333332,19894.3,30.354166666666668,36.3,25.9,83.0,41.0,1.7833333333333332,Manaus
2023-08-28,0.0,1005.4708333333332,19645.4,31.47083333333333,37.2,27.6,87.0,41.0,1.6833333333333331,Manaus
2023-08-29,0.0,1005.7,21511.5,31.775,37.0,26.7,88.0,36.0,1.8375,Manaus
2023-08-30,0.0,1005.6041666666666,17296.4,31.754166666666663,37.4,27.1,75.0,37.0,1.425,Manaus
2023-08-31,0.0,1005.7208333333332,16374.4,30.304166666666664,35.7,27.1,85.0,45.0,1.5291666666666668,Manaus
2023-09-01,0.0,1004.8833333333332,18929.7,31.683333333333334,36.7,27.5,84.0,42.0,1.6375,Manaus
2023-09-02,0.0,1003.9041666666668,18018.3,32.362500000000004,37.8,28.0,72.0,36.0,2.2416666666666667,Manaus
2023-09-03,0.0,1003.8708333333334,21097.9,32.362500000000004,37.1,27.8,66.0,32.0,2.3291666666666666,Manaus
2023-09-04,0.0,1005.1458333333334,19778.9,31.89583333333333,37.0,26.8,65.0,32.0,2.325,Manaus
2023-09-05,0.0,1005.482608695652,21322.8,32.108695652173914,37.0,26.2,64.0,33.0,1.834782608695652,Manaus
2023-09-06,0.0,1004.9833333333332,21495.6,31.8375,38.0,27.5,70.0,30.0,1.4083333333333332,Manaus
2023-09-07,0.0,1003.8791666666666,10081.1,30.0125,35.1,26.7,80.0,50.0,1.4083333333333332,Manaus
2023-09-08,0.0,1003.65,18072.4,31.02916666666667,36.3,27.2,82.0,43.0,1.7,Manaus
2023-09-09,0.0,1004.0041666666666,22069.2,32.30416666666667,37.3,27.9,67.0,38.0,2.225,Manaus
2023-09-10,0.0,1003.5708333333332,21501.0,32.78333333333333,37.8,28.6,66.0,36.0,2.333333333333333,Manaus
2023-09-11,11.6,1003.7375,9004.4,30.0375,33.9,25.1,93.0,50.0,1.2541666666666669,Manaus
2023-09-12,0.0,1004.7125,16618.0,29.15833333333333,36.3,24.7,91.0,46.0,1.1958333333333333,Manaus
2023-09-13,0.0,1004.1708333333332,17664.0,30.691666666666663,36.6,25.3,85.0,41.0,1.5083333333333335,Manaus
2023-09-14,0.0,1004.5708333333332,17664.0,31.729166666666668,37.1,25.9,86.0,34.0,1.5291666666666668,Manaus
2023-09-15,0.0,1003.7375,20224.4,31.79583333333333,36.8,27.0,75.0,39.0,1.5,Manaus
2023-09-16,5.6000000000000005,1004.4125,5643.6,27.866666666666664,32.8,23.6,93.0,59.0,1.5333333333333332,Manaus
2023-09-17,0.0,1004.9,12189.4,27.933333333333334,34.2,24.7,92.0,55.0,0.9833333333333334,Manaus
2023-09-18,0.0,1004.525,20723.0,30.704166666666666,35.9,25.7,88.0,40.0,1.6,Manaus
2023-09-19,0.0,1003.575,20723.0,31.60833333333333,37.1,26.3,81.0,36.0,1.5,Manaus
2023-09-20,17.6,1003.8166666666666,8527.6,29.29583333333333,34.1,23.9,96.0,48.0,1.0416666666666667,Manaus
2023-09-21,0.0,1004.425,16921.0,27.78333333333333,35.1,23.6,91.0,49.0,1.4458333333333335,Manaus
2023-09-22,0.0,1003.7125,16499.100000000002,29.0,35.7,25.2,82.0,45.0,1.4,Manaus
2023-09-23,0.0,1004.2958333333332,19794.4,29.38333333333333,35.0,25.7,88.0,43.0,1.6166666666666665,Manaus
2023-09-24,0.0,1003.8583333333332,16071.4,30.2875,36.4,26.3,86.0,42.0,1.0333333333333334,Manaus
2023-09-25,0.0,1004.025,17601.9,30.425,37.9,25.3,86.0,39.0,0.925,Manaus
2023-09-26,8.0,1003.1958333333332,18166.8,30.9875,38.3,25.4,92.0,39.0,0.9291666666666668,Manaus
2023-09-27,0.0,1002.0041666666666,16316.9,32.208333333333336,38.7,27.3,92.0,37.0,0.8250000000000001,Manaus
2023-09-28,0.0,1002.168181818182,9613.4,30.50454545454545,35.3,27.0,82.0,50.0,1.3954545454545455,Manaus
2023-09-29,0.0,1002.3739130434782,20811.9,30.47826086956522,36.5,27.0,89.0,46.0,1.6782608695652177,Manaus
2023-09-30,0.0,1002.9217391304348,21906.4,32.65217391304348,37.9,28.1,82.0,40.0,1.6782608695652177,Manaus
2023-10-01,0.0,1002.6833333333334,18523.6,33.2875,38.9,27.3,77.0,31.0,1.225,Manaus
2023-10-02,0.0,1001.4583333333334,18523.6,32.34583333333333,39.2,28.1,86.0,38.0,0.9291666666666668,Manaus
2023-10-03,0.0,1001.0,21915.4,32.57619047619048,38.1,28.0,71.0,38.0,2.2142857142857144,Manaus
2023-10-04,0.0,1001.3208333333332,19709.3,33.02916666666667,38.6,28.0,70.0,34.0,2.15,Manaus
2023-10-05,0.0,1002.1041666666666,15140.3,32.7625,38.7,28.5,76.0,37.0,1.2041666666666666,Manaus
2023-10-06,0.0,1003.025,20879.0,32.63333333333333,37.9,28.6,81.0,32.0,1.4625,Manaus
2023-10-07,0.0,1004.4333333333334,23083.1,31.366666666666664,37.5,26.1,79.0,38.0,1.55,Manaus
2023-10-08,0.0,1003.35,21519.4,33.53333333333333,38.5,29.3,59.0,32.0,2.183333333333333,Manaus
2023-10-09,0.0,1003.175,20976.9,33.458333333333336,38.3,29.2,61.0,35.0,2.2,Manaus
2023-10-10,0.0,1003.325,21027.8,33.641666666666666,39.0,29.5,61.0,33.0,2.0166666666666666,Manaus
2023-10-11,0.0,1002.7583333333332,15752.8,32.74166666666667,38.3,28.5,78.0,34.0,1.0625,Manaus
2023-10-12,0.4,1002.6,11961.8,32.32083333333333,37.6,28.4,83.0,39.0,0.9416666666666668,Manaus
2023-10-13,0.0,1003.408695652174,18660.8,31.339130434782607,37.0,26.5,81.0,38.0,1.7347826086956522,Manaus
2023-10-14,19.0,1004.5565217391304,6826.4,28.62173913043478,34.3,22.2,94.0,49.0,1.1304347826086956,Manaus
2023-10-15,1.4,1004.981818181818,10310.8,26.89090909090909,31.1,23.6,92.0,61.0,1.3227272727272728,Manaus
2023-10-16,29.4,1005.4,7093.4,26.09583333333333,29.3,23.1,97.0,72.0,0.9958333333333336,Manaus
2023-10-17,0.0,1005.4,18819.8,28.530434782608697,35.5,24.4,96.0,46.0,1.0391304347826087,Manaus
2023-10-18,23.0,1004.517391304348,9880.6,26.160869565217396,33.7,22.6,96.0,55.0,1.0521739130434782,Manaus
2023-10-19,0.0,1004.1708333333332,20654.9,27.9375,35.2,22.5,93.0,48.0,1.1208333333333331,Manaus
2023-10-20,0.0,1003.2125,20377.9,30.42083333333333,35.6,25.7,86.0,47.0,1.5041666666666669,Manaus
2023-10-21,0.0,1002.7375,19452.7,31.258333333333336,36.6,25.9,86.0,40.0,1.1583333333333334,Manaus
2023-10-22,16.799999999999997,1003.4875,7483.6,27.625,33.5,22.4,97.0,53.0,1.0333333333333334,Manaus
2023-10-23,0.2,1004.925,10853.3,26.79583333333333,31.4,23.7,95.0,56.0,1.0041666666666669,Manaus
2023-10-24,0.0,1003.9791666666666,13291.4,28.9375,33.3,25.2,93.0,55.0,1.1083333333333334,Manaus
2023-10-25,0.0,1001.8208333333332,19034.7,30.7,37.3,25.9,88.0,42.0,1.1375,Manaus
2023-10-26,0.0,1000.5130434782608,16247.9,30.73478260869565,36.1,26.8,89.0,43.0,1.6695652173913045,Manaus
2023-10-27,0.0,1000.4260869565215,20321.0,31.713043478260868,37.6,26.9,89.0,35.0,1.408695652173913,Manaus
2023-10-28,0.0,1000.15,20084.8,32.625,38.2,27.5,66.0,33.0,1.525,Manaus
2023-10-29,0.0,1000.3708333333334,17971.1,32.50416666666667,38.2,27.8,69.0,37.0,1.6,Manaus
2023-10-30,0.0,1001.8695652173913,10864.4,31.26086956521739,35.9,28.0,75.0,43.0,1.0739130434782609,Manaus
2023-10-31,0.0,1002.0391304347828,15592.6,29.88695652173913,34.6,26.3,83.0,45.0,1.9217391304347828,Manaus
2023-11-01,0.0,1000.9,20229.6,32.77916666666667,38.1,27.8,78.0,34.0,1.5791666666666666,Manaus
2023-11-02,0.0,1001.2478260869566,17293.6,31.73478260869565,37.3,26.9,82.0,39.0,1.308695652173913,Manaus
2023-11-03,0.0,1001.0333333333332,15417.5,32.358333333333334,37.4,28.5,83.0,39.0,1.2583333333333333,Manaus
2023-11-04,0.0,1001.5458333333332,13378.4,31.775,35.1,28.5,82.0,49.0,1.4541666666666666,Manaus
2023-11-05,0.0,1001.9291666666668,13378.4,29.4,35.8,26.2,90.0,47.0,1.35,Manaus
2023-11-06,0.0,1002.5166666666668,14334.1,28.95,35.6,25.5,86.0,49.0,1.2291666666666667,Manaus
2023-11-07,43.8,1004.8782608695652,5571.6,25.543478260869566,28.5,22.4,97.0,76.0,1.565217391304348,Manaus
2023-11-08,3.8,1004.6666666666666,13678.9,27.275,33.6,24.0,97.0,57.0,0.9291666666666668,Manaus
2023-11-09,0.0,1003.1791666666668,13678.9,30.304166666666664,35.9,25.3,94.0,43.0,1.3541666666666667,Manaus
2023-11-10,0.0,1002.1791666666668,20416.9,31.5375,36.1,26.6,81.0,47.0,1.5041666666666669,Manaus
2023-11-11,0.0,1001.6333333333332,20029.2,31.85,36.7,28.0,82.0,46.0,1.9166666666666667,Manaus
2023-11-12,0.0,1001.5833333333334,19988.1,31.9875,35.6,28.9,72.0,47.0,1.9708333333333328,Manaus
2023-11-13,0.0,1001.8,16947.0,31.96666666666667,35.9,28.2,78.0,45.0,1.7666666666666666,Manaus
2023-11-14,0.0,1001.3541666666666,20816.4,32.075,36.6,27.7,76.0,40.0,1.6666666666666667,Manaus
2023-11-15,0.0,1001.4833333333332,20874.5,32.7125,37.7,27.5,76.0,32.0,1.4666666666666668,Manaus
2023-11-16,0.0,1001.6363636363636,17657.9,32.559090909090905,37.7,28.0,75.0,40.0,0.9090909090909092,Manaus
2023-11-17,0.6,1001.7458333333334,14011.7,31.70833333333333,37.1,28.2,83.0,43.0,0.8041666666666667,Manaus
2023-11-18,0.0,1002.2521739130434,15814.6,30.995652173913044,37.4,26.8,85.0,43.0,1.2391304347826086,Manaus
2023-11-19,0.0,1002.7304347826088,15384.2,31.747826086956525,37.1,28.1,85.0,44.0,1.3869565217391304,Manaus
2023-11-20,4.0,1002.0958333333332,11587.0,30.2,34.8,27.5,90.0,51.0,1.4166666666666667,Manaus
2023-11-21,0.0,1001.8416666666668,15351.5,29.204166666666666,33.8,26.4,87.0,54.0,1.3833333333333335,Manaus
2023-11-22,0.4,1001.8083333333334,7888.2,28.08333333333333,31.5,25.9,89.0,63.0,1.3958333333333333,Manaus
2023-11-23,49.0,1003.9666666666668,1684.9,25.8625,28.2,23.7,96.0,79.0,1.2375,Manaus
2023-11-24,0.0,1004.8478260869564,18404.6,27.782608695652176,33.6,24.5,95.0,58.0,1.6217391304347828,Manaus
2023-11-25,7.0,1003.9958333333334,17143.3,28.4625,34.5,24.2,94.0,50.0,1.15,Manaus
2023-11-26,17.599999999999998,1004.9958333333334,6058.3,25.104166666666668,28.3,22.4,97.0,50.0,1.0166666666666666,Manaus
2023-11-27,4.2,1005.6375,7806.1,25.541666666666668,30.5,22.9,95.0,67.0,1.1458333333333333,Manaus
2023-11-28,0.0,1004.9083333333332,21589.0,27.84583333333333,33.7,23.9,92.0,53.0,1.4458333333333335,Manaus
2023-11-29,4.4,1002.9739130434784,11977.1,28.756521739130434,33.2,25.5,89.0,57.0,1.2304347826086957,Manaus
2023-11-30,0.0,1002.8565217391304,20209.8,28.756521739130434,34.4,26.0,95.0,46.0,1.556521739130435,Manaus
2023-12-01,0.0,1003.6416666666668,14147.1,30.070833333333336,34.4,26.6,91.0,52.0,1.0083333333333333,Manaus
2023-12-02,0.0,1003.5521739130436,7826.5,28.39565217391305,30.5,26.6,85.0,63.0,0.9260869565217392,Manaus
2023-12-03,25.2,1003.8869565217392,4906.6,26.195652173913043,29.1,23.7,96.0,77.0,1.2521739130434784,Manaus
2023-12-04,0.0,1003.9608695652172,12807.4,27.55652173913043,31.9,25.1,93.0,60.0,1.6478260869565218,Manaus
2023-12-05,5.2,1004.2217391304348,17446.5,28.539130434782606,31.8,24.6,95.0,59.0,2.008695652173913,Manaus
2023-12-06,0.0,1002.7869565217392,22366.8,29.44347826086957,34.1,25.2,89.0,47.0,1.5086956521739132,Manaus
2023-12-07,27.8,1003.05,8168.4,27.679166666666664,32.7,23.9,95.0,57.0,0.9208333333333334,Manaus
2023-12-08,0.2,1004.5708333333332,12325.7,27.116666666666664,31.8,22.9,95.0,64.0,0.875,Manaus
2023-12-09,6.8,1004.3708333333334,7799.099999999999,26.83333333333333,30.1,23.1,96.0,64.0,1.1625,Manaus
2023-12-10,2.2,1002.6458333333334,14433.1,27.9125,34.3,24.2,96.0,57.0,0.725,Manaus
2023-12-11,2.4000000000000004,1002.0625,8879.2,27.40833333333333,31.3,24.3,94.0,71.0,1.0375,Manaus
2023-12-12,0.0,1003.068181818182,16059.3,27.60454545454545,32.9,25.5,94.0,59.0,1.55,Manaus
2023-12-13,0.0,1001.5260869565216,20349.4,29.39130434782609,33.5,26.2,92.0,57.0,1.4478260869565216,Manaus
2023-12-14,0.0,999.7590909090908,11660.6,29.6,33.2,27.0,91.0,58.0,1.2636363636363637,Manaus
2023-12-15,13.8,1000.9958333333334,6562.7,26.854166666666668,29.3,24.4,95.0,72.0,1.1541666666666666,Manaus
2023-12-16,36.2,1002.4590909090908,4900.1,26.05454545454546,28.7,23.6,97.0,79.0,0.7727272727272727,Manaus
2023-12-17,48.8,1002.9875,5619.6,25.8625,28.4,22.8,98.0,79.0,1.0208333333333333,Manaus
2023-12-18,1.0,1002.2083333333334,16191.8,27.804166666666664,34.2,24.4,98.0,56.0,0.6583333333333333,Manaus
2023-12-19,13.2,1001.0541666666668,17018.3,29.52916666666667,34.4,26.4,96.0,57.0,0.8416666666666667,Manaus
2023-12-20,4.2,1001.8375,14206.0,27.4875,31.0,25.6,96.0,65.0,1.6541666666666668,Manaus
2023-12-21,5.4,1002.5666666666666,16538.4,27.4125,32.8,24.5,96.0,60.0,1.4541666666666666,Manaus
2023-12-22,1.8,1004.1916666666666,4796.4,26.75,29.7,25.1,93.0,77.0,1.4541666666666666,Manaus
2023-12-23,12.0,1004.35,11889.9,26.75,31.6,24.6,96.0,66.0,0.9583333333333334,Manaus
2023-12-24,0.0,1003.9791666666666,17595.5,28.641666666666666,33.6,25.6,91.0,56.0,1.3041666666666667,Manaus
2023-12-25,47.8,1005.0347826086957,5500.8,26.530434782608697,30.3,22.2,97.0,71.0,1.2347826086956522,Manaus
2023-12-26,0.0,1005.2409090909092,9662.8,27.75909090909091,31.3,25.1,94.0,68.0,0.9636363636363636,Manaus
2023-12-27,2.0,1004.8545454545456,9087.2,27.654545454545453,30.2,25.7,94.0,69.0,1.2772727272727271,Manaus
2023-12-28,8.399999999999999,1004.3958333333334,10305.5,27.39583333333333,31.3,23.5,97.0,68.0,1.1916666666666669,Manaus
2023-12-29,35.8,1005.2142857142856,7042.2,27.39583333333333,32.1,23.2,98.0,67.0,0.8238095238095239,Manaus
2023-12-30,7.8,1006.2454545454548,7951.0,25.94090909090909,29.8,24.5,97.0,74.0,1.2272727272727273,Manaus
2023-12-31,13.0,1005.8863636363636,13976.4,26.422727272727272,31.9,23.7,96.0,66.0,1.0227272727272727,Manaus
