Data;Precipitação Total Diária;Pressão Média Diária;Radiação Total;Temperatura Média Diária;Temperatura Máxima;Temperatura Mínima;Umidade Máxima;Umidade Mínima;Velocidade do Vento;Cidade
2023/01/01;0,4;948,7624999999999;22965,3;23,025000000000002;29,6;18,1;100,0;52,0;0,6041666666666666;Cachoeira Paulista
2023/01/02;0,0;946,6583333333333;27974,0;23,925;31,3;17,9;100,0;41,0;1,0083333333333333;Cachoeira Paulista
2023/01/03;0,0;944,6041666666666;19112,9;23,608333333333334;29,9;19,3;100,0;49,0;1,5083333333333335;Cachoeira Paulista
2023/01/04;0,4;943,491304347826;15371,8;24,13913043478261;29,8;21,2;100,0;54,0;0,8521739130434783;Cachoeira Paulista
2023/01/05;21,0;945,9391304347826;7177,5;19,830434782608698;23,6;18,4;100,0;81,0;1,3521739130434782;Cachoeira Paulista
2023/01/06;8,2;949,6826086956522;9028,0;18,72173913043478;21,8;16,7;100,0;81,0;1,4043478260869564;Cachoeira Paulista
2023/01/07;4,6;951,8608695652174;9479,6;18,269565217391303;22,4;16,1;100,0;69,0;0,36086956521739133;Cachoeira Paulista
2023/01/08;3,6;950,9708333333333;10492,0;19,620833333333334;23,9;17,3;100,0;69,0;0,2916666666666667;Cachoeira Paulista
2023/01/09;12,0;949,2624999999999;9155,1;20,3125;23,2;18,9;100,0;81,0;0,32916666666666666;Cachoeira Paulista
2023/01/10;3,0;948,3166666666666;15709,6;22,954166666666666;28,9;19,5;100,0;53,0;0,4791666666666667;Cachoeira Paulista
2023/01/11;3,4;947,9608695652173;12849,199999999999;23,117391304347827;28,6;20,1;100,0;62,0;0,6826086956521739;Cachoeira Paulista
2023/01/12;7,4;945,8913043478261;17437,7;23,660869565217393;29,5;20,0;100,0;50,0;1,1130434782608696;Cachoeira Paulista
2023/01/13;2,0;945,5;17791,4;24,49090909090909;31,7;20,0;100,0;47,0;1,1363636363636365;Cachoeira Paulista
2023/01/14;0,0;946,5833333333334;26512,7;25,287499999999998;32,5;19,5;100,0;44,0;1,9083333333333332;Cachoeira Paulista
2023/01/15;0,0;948,0541666666667;27489,4;25,875;34,5;19,9;100,0;42,0;0,9166666666666666;Cachoeira Paulista
2023/01/16;4,8;947,5708333333333;26604,2;25,291666666666668;33,0;20,1;100,0;45,0;0,9874999999999999;Cachoeira Paulista
2023/01/17;0,0;948,4478260869565;26620,8;25,88695652173913;32,6;20,6;100,0;40,0;0,6260869565217392;Cachoeira Paulista
2023/01/18;0,0;949,8208333333333;23823,4;24,375;32,4;20,1;100,0;46,0;0,975;Cachoeira Paulista
2023/01/19;50,199999999999996;949,5458333333332;20330,0;22,420833333333334;30,7;18,6;100,0;51,0;0,7958333333333333;Cachoeira Paulista
2023/01/20;1,5999999999999999;947,5041666666666;10651,4;21,320833333333333;25,2;18,8;100,0;70,0;0,4166666666666667;Cachoeira Paulista
2023/01/21;20,799999999999997;943,5956521739131;24260,7;22,73478260869565;29,7;18,9;100,0;52,0;1,2478260869565216;Cachoeira Paulista
2023/01/22;0,2;943,0826086956522;26632,0;23,900000000000002;31,7;17,8;100,0;43,0;0,6391304347826087;Cachoeira Paulista
2023/01/23;2,0;943,9695652173913;23298,4;24,821739130434782;31,5;19,2;100,0;41,0;0,9739130434782608;Cachoeira Paulista
2023/01/24;25,8;944,0739130434783;15030,699999999999;22,430434782608696;28,7;19,5;100,0;61,0;0,6347826086956522;Cachoeira Paulista
2023/01/25;0,6000000000000001;945,6090909090909;23066,2;24,031818181818185;31,1;19,2;100,0;48,0;0,6409090909090909;Cachoeira Paulista
2023/01/26;0,0;947,0083333333333;31002,7;23,129166666666666;30,7;15,0;100,0;33,0;1,1458333333333333;Cachoeira Paulista
2023/01/27;0,0;947,3826086956522;26832,6;23,63478260869565;31,5;16,6;100,0;44,0;1,547826086956522;Cachoeira Paulista
2023/01/28;0,6;948,3916666666668;18990,7;24,258333333333336;32,1;20,2;100,0;44,0;1,1458333333333333;Cachoeira Paulista
2023/01/29;2,0;947,508695652174;24323,0;23,539130434782606;32,3;19,8;100,0;43,0;1,0130434782608695;Cachoeira Paulista
2023/01/30;6,4;946,1291666666666;18986,3;23,566666666666666;32,2;19,6;100,0;43,0;0,8875000000000001;Cachoeira Paulista
2023/01/31;18,6;946,9791666666666;19017,3;23,775000000000002;31,5;19,7;100,0;49,0;1,0541666666666667;Cachoeira Paulista
2023/02/01;9,0;948,0875;17865,899999999998;22,974999999999998;31,2;20,6;100,0;51,0;0,5708333333333333;Cachoeira Paulista
2023/02/02;3,6;948,1130434782608;22637,0;24,160869565217393;32,2;20,1;100,0;49,0;0,7695652173913043;Cachoeira Paulista
2023/02/03;4,6000000000000005;947,4250000000001;14804,0;23,46666666666667;29,8;19,7;100,0;55,0;0,6208333333333333;Cachoeira Paulista
2023/02/04;3,6;947,2166666666667;21228,7;25,270833333333332;33,6;19,8;100,0;41,0;1,0166666666666668;Cachoeira Paulista
2023/02/05;6,6;946,9291666666667;30179,8;25,8875;34,4;20,5;100,0;37,0;1,7125000000000001;Cachoeira Paulista
2023/02/06;16,0;947,1695652173913;22737,0;23,921739130434784;32,6;19,5;100,0;44,0;0,717391304347826;Cachoeira Paulista
2023/02/07;0,4;947,9291666666667;15650,9;22,791666666666668;28,2;19,5;100,0;61,0;0,4291666666666667;Cachoeira Paulista
2023/02/08;6,6;947,8590909090909;11495,3;22,39090909090909;28,0;20,5;100,0;59,0;0,43636363636363634;Cachoeira Paulista
2023/02/09;0,2;948,1541666666667;24594,7;23,458333333333332;31,9;18,3;100,0;47,0;0,6083333333333333;Cachoeira Paulista
2023/02/10;4,6;948,0833333333334;16669,5;23,558333333333334;30,9;19,5;100,0;49,0;0,9958333333333332;Cachoeira Paulista
2023/02/11;30,8;948,2208333333333;14534,8;22,0125;30,0;18,9;100,0;56,0;0,5875;Cachoeira Paulista
2023/02/12;7,4;947,5478260869564;14327,4;22,221739130434784;29,6;19,9;100,0;57,0;0,7304347826086957;Cachoeira Paulista
2023/02/13;4,8;947,1625;23702,8;23,670833333333334;32,0;19,4;100,0;47,0;0,5;Cachoeira Paulista
2023/02/14;0,2;946,3333333333334;21950,6;24,166666666666668;32,5;19,9;100,0;49,0;0,819047619047619;Cachoeira Paulista
2023/02/15;10,799999999999999;944,4041666666667;24537,1;24,375;34,1;19,7;100,0;40,0;1,0708333333333333;Cachoeira Paulista
2023/02/16;0,4;942,3541666666666;18298,0;24,891666666666666;30,6;21,0;100,0;52,0;2,0375;Cachoeira Paulista
2023/02/17;0,0;943,225;22166,3;26,545833333333334;31,7;21,0;99,0;48,0;1,5583333333333333;Cachoeira Paulista
2023/02/18;2,8000000000000003;946,5956521739131;14790,3;23,752173913043475;31,1;20,7;100,0;56,0;0,9652173913043478;Cachoeira Paulista
2023/02/19;6,4;950,225;15213,1;22,349999999999998;26,5;20,1;100,0;65,0;1,6125;Cachoeira Paulista
2023/02/20;0,0;949,2166666666667;27150,2;24,40833333333333;31,1;20,3;100,0;48,0;1,1208333333333333;Cachoeira Paulista
2023/02/21;17,0;948,9347826086956;21181,4;23,186956521739127;31,8;18,8;100,0;44,0;1,4739130434782608;Cachoeira Paulista
2023/02/22;3,8000000000000003;951,2130434782609;20439,4;22,36086956521739;29,1;18,7;100,0;59,0;0,7434782608695653;Cachoeira Paulista
2023/02/23;0,0;951,4;19362,6;23,329166666666666;30,9;19,9;100,0;54,0;1,0666666666666667;Cachoeira Paulista
2023/02/24;0,6;948,5166666666668;21998,7;23,95;30,7;20,1;100,0;53,0;1,0458333333333332;Cachoeira Paulista
2023/02/25;35,6;946,9208333333332;21329,7;24,795833333333334;33,1;20,2;100,0;45,0;1,1458333333333333;Cachoeira Paulista
2023/02/26;9,0;948,8249999999999;21220,5;24,704166666666666;34,3;19,8;100,0;42,0;1,0041666666666667;Cachoeira Paulista
2023/02/27;4,4;951,2291666666666;21061,5;23,704166666666666;32,5;20,1;100,0;46,0;0,7958333333333334;Cachoeira Paulista
2023/02/28;2,8;952,6875;21878,9;23,09583333333333;30,2;19,3;100,0;53,0;0,7041666666666666;Cachoeira Paulista
2023/03/01;1,2;950,4739130434783;26125,8;23,369565217391305;32,1;18,6;100,0;50,0;0,9173913043478261;Cachoeira Paulista
2023/03/02;0,0;948,7086956521739;22544,1;24,030434782608697;32,3;20,0;100,0;47,0;1,0956521739130434;Cachoeira Paulista
2023/03/03;0,0;948,1374999999999;23025,1;24,662499999999998;32,3;19,9;100,0;47,0;1,0708333333333333;Cachoeira Paulista
2023/03/04;2,2;948,3666666666667;20565,3;24,412499999999998;32,6;20,3;100,0;46,0;0,8250000000000001;Cachoeira Paulista
2023/03/05;3,2;946,7416666666667;14357,8;23,59166666666667;29,2;20,4;100,0;49,0;0,8708333333333332;Cachoeira Paulista
2023/03/06;1,0;945,7208333333333;17705,6;23,0;30,1;19,2;100,0;48,0;1,7125000000000001;Cachoeira Paulista
2023/03/07;2,0;947,6083333333332;11956,6;22,866666666666664;29,7;19,4;100,0;49,0;1,1125;Cachoeira Paulista
2023/03/08;0,8;948,7624999999999;16298,7;22,5625;30,1;18,1;100,0;52,0;0,5041666666666667;Cachoeira Paulista
2023/03/09;0,2;949,1458333333334;18280,8;23,52916666666667;31,4;19,7;100,0;50,0;0,5166666666666667;Cachoeira Paulista
2023/03/10;3,2;948,9708333333333;22322,8;23,633333333333336;31,4;18,9;100,0;48,0;0,8208333333333333;Cachoeira Paulista
2023/03/11;18,4;948,7125;9741,1;21,916666666666668;26,4;19,9;100,0;74,0;0,4083333333333334;Cachoeira Paulista
2023/03/12;3,5999999999999996;948,9818181818181;17941,1;22,59090909090909;28,6;19,8;100,0;59,0;0,790909090909091;Cachoeira Paulista
2023/03/13;1,0;949,8909090909091;17096,0;23,145454545454545;27,8;20,1;100,0;59,0;1,7545454545454546;Cachoeira Paulista
2023/03/14;0,2;950,1652173913043;18419,7;23,578260869565216;29,0;20,0;100,0;54,0;1,1217391304347826;Cachoeira Paulista
2023/03/15;0,0;949,9826086956521;21168,0;23,36086956521739;29,7;18,4;100,0;53,0;0,6869565217391304;Cachoeira Paulista
2023/03/16;0,0;949,5434782608696;22874,0;22,934782608695652;29,5;18,0;99,0;46,0;1,1608695652173913;Cachoeira Paulista
2023/03/17;0,0;949,8458333333333;24458,6;22,566666666666666;29,3;16,3;99,0;44,0;0,75;Cachoeira Paulista
2023/03/18;0,0;949,6619047619048;24244,7;23,60952380952381;29,8;17,1;100,0;49,0;1,0761904761904764;Cachoeira Paulista
2023/03/19;0,0;949,25;24364,2;24,541666666666668;31,3;20,1;100,0;47,0;1,075;Cachoeira Paulista
2023/03/20;0,4;948,6833333333334;21934,2;24,21666666666667;32,5;19,8;100,0;40,0;0,8125;Cachoeira Paulista
2023/03/21;1,2000000000000002;949,7624999999999;24193,6;23,016666666666666;31,3;17,9;100,0;44,0;0,8666666666666667;Cachoeira Paulista
2023/03/22;0,0;951,5956521739131;23673,9;23,817391304347826;30,8;17,8;100,0;45,0;0,6521739130434783;Cachoeira Paulista
2023/03/23;0,0;952,0181818181819;23813,7;23,70909090909091;30,6;16,8;100,0;40,0;0,8772727272727273;Cachoeira Paulista
2023/03/24;0,0;950,1541666666667;23821,9;24,316666666666666;32,0;18,5;100,0;39,0;0,8208333333333333;Cachoeira Paulista
2023/03/25;0,0;949,25;23527,2;24,366666666666664;32,3;18,3;100,0;43,0;0,7125;Cachoeira Paulista
2023/03/26;0,0;948,7333333333332;22955,7;25,791666666666668;34,0;20,1;100,0;38,0;0,7291666666666666;Cachoeira Paulista
2023/03/27;32,4;949,3166666666666;14997,0;23,349999999999998;29,7;20,3;100,0;57,0;0,7291666666666666;Cachoeira Paulista
2023/03/28;1,0;950,475;18715,3;22,733333333333334;27,6;19,8;100,0;61,0;1,2208333333333334;Cachoeira Paulista
2023/03/29;0,0;949,7083333333334;18360,2;24,02916666666667;29,4;20,2;98,0;55,0;1,575;Cachoeira Paulista
2023/03/30;2,8;949,8083333333334;17533,4;23,858333333333334;31,5;19,5;100,0;47,0;0,9500000000000001;Cachoeira Paulista
2023/03/31;7,000000000000001;949,0749999999999;20454,1;21,633333333333336;32,5;17,4;100,0;43,0;0,5499999999999999;Cachoeira Paulista
2023/04/01;0,2;947,4166666666666;21224,7;22,34583333333333;30,4;17,6;100,0;33,0;0,6083333333333333;Cachoeira Paulista
2023/04/02;0,4;949,7304347826087;11983,2;21,391304347826086;25,0;18,7;100,0;58,0;0,9130434782608695;Cachoeira Paulista
2023/04/03;0,0;950,2041666666668;23422,7;21,066666666666666;26,6;15,5;100,0;53,0;1,3541666666666667;Cachoeira Paulista
2023/04/04;0,0;948,625;18426,1;21,891666666666666;27,9;17,1;100,0;56,0;0,8833333333333333;Cachoeira Paulista
2023/04/05;39,6;948,1958333333333;18497,8;22,295833333333334;30,5;17,6;100,0;51,0;0,7625000000000001;Cachoeira Paulista
2023/04/06;3,8;949,3041666666667;14168,8;21,8625;27,5;19,1;100,0;56,0;0,5541666666666667;Cachoeira Paulista
2023/04/07;4,6;948,4041666666667;5412,0;21,150000000000002;22,8;19,2;100,0;83,0;0,5750000000000001;Cachoeira Paulista
2023/04/08;47,0;948,8458333333333;12293,7;21,287499999999998;28,0;19,2;100,0;59,0;0,9833333333333333;Cachoeira Paulista
2023/04/09;39,4;951,9916666666667;4233,5;19,579166666666666;21,0;18,8;100,0;89,0;0,05416666666666666;Cachoeira Paulista
2023/04/10;11,6;952,9916666666667;19237,1;20,458333333333332;26,0;16,5;100,0;53,0;0,5666666666666667;Cachoeira Paulista
2023/04/11;0,0;951,3708333333334;21943,6;21,325;26,9;17,1;94,0;53,0;1,3208333333333333;Cachoeira Paulista
2023/04/12;0,0;948,9125;14671,5;21,491666666666664;26,5;16,2;100,0;62,0;1,1041666666666667;Cachoeira Paulista
2023/04/13;0,0;946,5375;19013,6;22,9375;30,6;17,7;100,0;47,0;0,5166666666666667;Cachoeira Paulista
2023/04/14;16,8;946,4958333333334;8507,0;21,65416666666667;27,7;17,8;100,0;60,0;0,5;Cachoeira Paulista
2023/04/15;3,4;947,9333333333334;13925,3;22,258333333333336;27,6;19,8;100,0;59,0;0,8916666666666666;Cachoeira Paulista
2023/04/16;0,2;949,4375;18875,399999999998;22,025000000000002;27,7;18,5;100,0;51,0;0,9083333333333333;Cachoeira Paulista
2023/04/17;0,0;943,8833333333333;19213,399999999998;23,375;31,2;18,6;100,0;42,0;1,5625;Cachoeira Paulista
2023/04/18;9,8;940,0166666666668;5649,6;22,6375;26,9;19,2;100,0;63,0;0,6875;Cachoeira Paulista
2023/04/19;14,2;941,0749999999999;16899,9;23,116666666666664;28,8;20,3;100,0;51,0;1,1041666666666667;Cachoeira Paulista
2023/04/20;0,2;948,125;20866,8;18,854166666666668;24,5;13,2;100,0;36,0;1,0083333333333333;Cachoeira Paulista
2023/04/21;0,0;952,6791666666667;20109,4;18,0625;24,4;13,6;100,0;36,0;0,9416666666666668;Cachoeira Paulista
2023/04/22;0,0;952,5791666666668;18231,3;18,5125;26,0;12,7;100,0;51,0;0,7000000000000001;Cachoeira Paulista
2023/04/23;0,2;952,8291666666668;18391,3;20,666666666666668;26,9;16,2;100,0;45,0;0,7583333333333333;Cachoeira Paulista
2023/04/24;0,2;953,9625;19679,9;19,287499999999998;26,2;12,3;100,0;33,0;0,4583333333333333;Cachoeira Paulista
2023/04/25;0,0;953,025;18859,7;19,520833333333332;27,7;13,2;100,0;42,0;0,6458333333333334;Cachoeira Paulista
2023/04/26;8,0;950,1833333333334;15375,300000000001;20,904166666666665;28,8;14,8;100,0;50,0;1,0041666666666667;Cachoeira Paulista
2023/04/27;0,4;947,5958333333333;16663,8;21,241666666666667;28,3;16,4;100,0;47,0;0,4583333333333333;Cachoeira Paulista
2023/04/28;2,0;949,5333333333333;3128,0;20,083333333333332;22,5;18,4;100,0;76,0;0,525;Cachoeira Paulista
2023/04/29;1,2;951,3375;12775,0;20,129166666666666;24,5;17,3;100,0;66,0;1,1624999999999999;Cachoeira Paulista
2023/04/30;0,0;950,9291666666667;17835,9;21,71666666666667;27,2;18,0;100,0;54,0;0,7791666666666667;Cachoeira Paulista
2023/05/01;0,2;949,5291666666667;19960,899999999998;21,929166666666664;29,3;16,1;100,0;43,0;0,9375;Cachoeira Paulista
2023/05/02;0,0;948,6958333333333;18186,0;21,40416666666667;27,8;17,5;100,0;42,0;0,7625000000000001;Cachoeira Paulista
2023/05/03;0,0;948,59375;6599,0;20,64375;28,6;15,4;100,0;49,0;0,24375000000000002;Cachoeira Paulista
2023/05/04;0,0;950,3166666666666;16306,6;22,145833333333332;29,7;17,5;100,0;49,0;0,21666666666666667;Cachoeira Paulista
2023/05/05;0,0;952,275;17283,5;21,708333333333332;29,5;15,7;100,0;46,0;0,26666666666666666;Cachoeira Paulista
2023/05/06;0,0;952,6434782608695;14709,8;22,182608695652174;27,6;18,5;100,0;52,0;0,42173913043478256;Cachoeira Paulista
2023/05/07;0,0;951,5666666666666;17596,399999999998;21,366666666666664;26,9;16,8;100,0;53,0;1,1958333333333333;Cachoeira Paulista
2023/05/08;0,2;951,2458333333334;18150,1;21,029166666666665;28,8;15,2;100,0;48,0;0,5458333333333333;Cachoeira Paulista
2023/05/09;0,0;950,8000000000001;15781,0;21,787499999999998;28,8;15,6;100,0;47,0;0,38333333333333336;Cachoeira Paulista
2023/05/10;0,7999999999999999;950,2583333333333;7543,7;21,545833333333334;25,1;19,8;100,0;65,0;0,1958333333333333;Cachoeira Paulista
2023/05/11;8,0;948,0083333333333;10400,1;20,591666666666665;26,0;18,6;100,0;58,0;0,7416666666666667;Cachoeira Paulista
2023/05/12;0,0;949,9416666666666;15715,2;18,741666666666667;24,7;15,0;100,0;43,0;0,6124999999999999;Cachoeira Paulista
2023/05/13;0,0;951,9125;14778,9;17,8;22,9;14,9;94,0;50,0;0,5666666666666667;Cachoeira Paulista
2023/05/14;0,0;953,025;17965,8;18,3875;24,7;14,0;100,0;50,0;0,7333333333333334;Cachoeira Paulista
2023/05/15;0,0;953,3083333333334;17150,399999999998;18,1375;24,5;14,4;100,0;30,0;0,9166666666666666;Cachoeira Paulista
2023/05/16;0,2;952,4833333333332;18535,7;15,079166666666666;24,9;7,4;100,0;28,0;0,5666666666666667;Cachoeira Paulista
2023/05/17;0,0;953,275;16950,100000000002;15,679166666666667;23,7;8,7;100,0;44,0;0,8666666666666667;Cachoeira Paulista
2023/05/18;0,0;954,3583333333332;17120,399999999998;16,679166666666667;23,4;11,8;100,0;46,0;0,25;Cachoeira Paulista
2023/05/19;0,0;953,7916666666666;17412,7;15,987499999999999;23,3;10,4;100,0;48,0;0,5166666666666667;Cachoeira Paulista
2023/05/20;0,2;952,7958333333332;18253,0;15,512500000000001;24,0;7,9;100,0;40,0;0,975;Cachoeira Paulista
2023/05/21;0,2;951,2375000000001;17701,899999999998;16,241666666666667;25,2;9,0;100,0;41,0;0,7708333333333334;Cachoeira Paulista
2023/05/22;0,2;952,4916666666667;15438,199999999999;17,325;25,1;10,9;100,0;41,0;0,7916666666666666;Cachoeira Paulista
2023/05/23;0,0;953,9541666666668;17240,9;18,254166666666666;26,3;11,2;100,0;39,0;0,42083333333333334;Cachoeira Paulista
2023/05/24;0,2;953,8166666666666;12631,8;17,6375;24,6;11,5;100,0;57,0;0,9625;Cachoeira Paulista
2023/05/25;0,2;954,3666666666667;16588,2;18,679166666666667;25,9;12,3;100,0;46,0;0,9666666666666667;Cachoeira Paulista
2023/05/26;0,2;953,9375;17245,7;18,566666666666666;26,0;10,8;100,0;48,0;1,0208333333333333;Cachoeira Paulista
2023/05/27;0,0;952,4416666666666;16593,4;19,912499999999998;27,9;13,1;100,0;42,0;0,6541666666666667;Cachoeira Paulista
2023/05/28;0,2;950,4833333333332;15792,0;19,216666666666665;28,1;12,9;100,0;40,0;0,4833333333333334;Cachoeira Paulista
2023/05/29;2,6;952,3791666666666;7189,599999999999;18,625;22,3;16,4;100,0;64,0;0,85;Cachoeira Paulista
2023/05/30;1,8;955,1208333333334;10646,699999999999;17,754166666666666;21,2;15,8;100,0;63,0;1,3541666666666667;Cachoeira Paulista
2023/05/31;32,4;952,8666666666667;2813,2;16,758333333333333;18,4;15,6;100,0;74,0;0,4583333333333333;Cachoeira Paulista
2023/06/01;0,8;953,5708333333333;13580,1;18,375;23,4;15,8;100,0;55,0;0,9625;Cachoeira Paulista
2023/06/02;0,0;954,0083333333333;13933,1;17,866666666666667;24,3;13,9;100,0;52,0;0,5375;Cachoeira Paulista
2023/06/03;0,0;954,0958333333333;16001,8;17,412499999999998;24,2;11,0;100,0;43,0;0,7875;Cachoeira Paulista
2023/06/04;0,4;954,5958333333333;16798,5;15,85;25,5;9,0;100,0;38,0;0,2833333333333333;Cachoeira Paulista
2023/06/05;0,2;954,2958333333332;15162,1;15,870833333333332;25,2;8,8;100,0;45,0;0,45;Cachoeira Paulista
2023/06/06;0,0;954,4041666666667;14496,4;17,170833333333334;23,5;12,6;100,0;49,0;0,4875;Cachoeira Paulista
2023/06/07;0,2;954,7791666666667;15701,3;15,924999999999999;24,6;9,3;100,0;45,0;0,375;Cachoeira Paulista
2023/06/08;0,2;954,7041666666668;16325,7;16,145833333333332;25,2;8,8;100,0;42,0;0,20833333333333334;Cachoeira Paulista
2023/06/09;0,2;952,9708333333333;16267,2;16,958333333333332;27,2;8,4;100,0;39,0;0,22083333333333333;Cachoeira Paulista
2023/06/10;0,2;951,875;16170,0;17,712500000000002;28,1;9,1;100,0;36,0;0,3541666666666667;Cachoeira Paulista
2023/06/11;0,0;950,6458333333334;15631,1;18,5125;28,8;9,8;100,0;33,0;0,8624999999999999;Cachoeira Paulista
2023/06/12;0,0;950,7041666666668;14310,0;18,7375;28,7;10,8;100,0;32,0;0,12916666666666668;Cachoeira Paulista
2023/06/13;0,0;954,025;7486,1;18,720833333333335;22,9;15,7;100,0;69,0;0,7958333333333334;Cachoeira Paulista
2023/06/14;2,4;953,5916666666667;5221,9;18,287499999999998;21,1;16,8;100,0;69,0;0,44583333333333336;Cachoeira Paulista
2023/06/15;27,6;952,2666666666668;4644,099999999999;17,870833333333334;21,8;15,6;100,0;75,0;0,5583333333333333;Cachoeira Paulista
2023/06/16;0,0;950,9541666666668;6631,0;19,020833333333332;24,7;15,9;100,0;62,0;0,38333333333333336;Cachoeira Paulista
2023/06/17;0,0;953,5041666666666;11870,4;15,4375;20,8;12,3;100,0;58,0;1,1541666666666668;Cachoeira Paulista
2023/06/18;0,2;955,225;11600,9;13,4;20,8;8,9;100,0;51,0;0,2708333333333333;Cachoeira Paulista
2023/06/19;0,0;957,3000000000001;15830,2;15,774999999999999;22,5;11,7;100,0;44,0;0,375;Cachoeira Paulista
2023/06/20;0,0;956,8833333333333;15642,0;15,6625;22,4;10,2;100,0;45,0;0,65;Cachoeira Paulista
2023/06/21;0,2;954,5041666666666;16176,7;15,170833333333334;24,5;7,9;100,0;38,0;0,6375000000000001;Cachoeira Paulista
2023/06/22;0,0;953,2166666666667;15738,2;17,099999999999998;25,6;10,9;100,0;42,0;0,6666666666666666;Cachoeira Paulista
2023/06/23;0,2;952,1041666666666;13136,1;16,316666666666666;25,1;8,9;100,0;43,0;0,22083333333333333;Cachoeira Paulista
2023/06/24;0,2;952,3000000000001;14621,9;17,4375;27,3;10,0;100,0;36,0;0,23750000000000002;Cachoeira Paulista
2023/06/25;0,0;953,5583333333334;13336,4;17,133333333333333;26,5;9,6;100,0;42,0;0,3875;Cachoeira Paulista
2023/06/26;0,2;953,6999999999999;16217,5;17,345833333333335;27,1;9,4;100,0;40,0;0,22916666666666666;Cachoeira Paulista
2023/06/27;0,2;953,2708333333334;16165,800000000001;16,9375;27,7;7,9;100,0;35,0;0,2708333333333333;Cachoeira Paulista
2023/06/28;0,0;953,2041666666668;16202,8;17,358333333333334;27,9;8,9;100,0;39,0;0,2708333333333333;Cachoeira Paulista
2023/06/29;0,0;954,9041666666667;14872,2;18,141666666666666;26,6;11,0;100,0;39,0;0,46249999999999997;Cachoeira Paulista
2023/06/30;0,2;956,7291666666666;12255,5;18,595833333333335;24,4;14,3;100,0;52,0;0,6625;Cachoeira Paulista
2023/07/01;0,0;954,0833333333334;14221,2;19,025000000000002;26,5;14,8;100,0;42,0;0,6291666666666667;Cachoeira Paulista
2023/07/02;0,0;952,6291666666666;15051,6;17,925;24,8;13,4;100,0;42,0;0,6625;Cachoeira Paulista
2023/07/03;0,0;955,0416666666666;12356,6;16,537499999999998;22,9;12,4;100,0;40,0;0,8416666666666667;Cachoeira Paulista
2023/07/04;0,0;955,9499999999999;16770,3;15,491666666666667;21,7;8,3;100,0;38,0;1,2041666666666666;Cachoeira Paulista
2023/07/05;0,2;955,475;16643,3;15,125;23,4;7,8;100,0;44,0;1,0;Cachoeira Paulista
2023/07/06;0,0;953,2416666666667;16582,1;15,512500000000001;24,7;8,0;100,0;33,0;0,65;Cachoeira Paulista
2023/07/07;0,0;951,3874999999999;16500,2;15,7875;26,2;7,3;100,0;24,0;0,38333333333333336;Cachoeira Paulista
2023/07/08;0,0;948,9291666666667;15820,6;17,079166666666666;28,4;8,3;96,0;26,0;1,2750000000000001;Cachoeira Paulista
2023/07/09;1,9999999999999998;951,0333333333333;4581,0;17,625;20,2;15,0;100,0;65,0;0,37916666666666665;Cachoeira Paulista
2023/07/10;0,0;951,8416666666667;8079,8;18,695833333333333;23,3;15,5;100,0;65,0;0,9500000000000001;Cachoeira Paulista
2023/07/11;0,2;949,6625;15537,199999999999;20,662499999999998;31,6;13,4;100,0;29,0;0,8083333333333332;Cachoeira Paulista
2023/07/12;0,0;946,9208333333332;14864,1;22,483333333333334;31,1;17,4;100,0;26,0;1,4749999999999999;Cachoeira Paulista
2023/07/13;0,0;942,9166666666666;14762,7;24,587500000000002;30,5;17,4;74,0;32,0;3,6999999999999997;Cachoeira Paulista
2023/07/14;0,0;949,3166666666666;16900,2;17,599999999999998;23,5;12,1;90,0;29,0;1,9000000000000001;Cachoeira Paulista
2023/07/15;0,0;953,4565217391304;15620,5;14,782608695652174;21,7;10,6;92,0;45,0;1,1869565217391305;Cachoeira Paulista
2023/07/16;0,0;951,5041666666666;15870,4;17,479166666666668;27,4;8,4;100,0;42,0;1,2416666666666667;Cachoeira Paulista
2023/07/17;0,0;951,6833333333334;12185,3;20,129166666666666;26,4;13,8;100,0;55,0;0,9041666666666667;Cachoeira Paulista
2023/07/18;0,0;954,7041666666668;4128,9;19,004166666666666;21,7;17,4;97,0;74,0;1,1833333333333333;Cachoeira Paulista
2023/07/19;0,0;959,7041666666668;7274,7;18,008333333333333;21,9;16,2;99,0;66,0;0,9916666666666667;Cachoeira Paulista
2023/07/20;0,0;961,7375000000001;8982,6;17,349999999999998;20,7;15,5;98,0;64,0;1,8833333333333335;Cachoeira Paulista
2023/07/21;0,0;959,9916666666667;14992,7;17,858333333333334;22,9;14,2;100,0;56,0;1,9208333333333334;Cachoeira Paulista
2023/07/22;0,2;957,9291666666667;17603,6;16,658333333333335;23,9;9,9;100,0;44,0;1,3208333333333333;Cachoeira Paulista
2023/07/23;0,0;957,7708333333334;17076,399999999998;18,608333333333334;27,6;11,0;99,0;38,0;0,9416666666666665;Cachoeira Paulista
2023/07/24;0,0;956,7291666666666;17147,6;18,554166666666667;28,3;10,6;96,0;34,0;0,7125;Cachoeira Paulista
2023/07/25;0,0;953,5500000000001;15462,8;19,791666666666668;28,5;13,9;98,0;38,0;0,30833333333333335;Cachoeira Paulista
2023/07/26;0,0;952,3625000000001;16138,9;19,583333333333332;28,4;12,0;100,0;37,0;0,5375;Cachoeira Paulista
2023/07/27;0,0;953,5916666666667;17172,899999999998;20,4;29,2;13,1;100,0;34,0;1,0333333333333334;Cachoeira Paulista
2023/07/28;7,6000000000000005;954,5291666666667;16923,3;20,5125;29,9;13,7;100,0;32,0;1,0416666666666667;Cachoeira Paulista
2023/07/29;0,4;955,0208333333334;10994,1;18,820833333333333;23,8;16,0;100,0;56,0;1,125;Cachoeira Paulista
2023/07/30;4,6;957,1374999999999;12589,4;16,270833333333332;22,3;13,3;100,0;56,0;1,075;Cachoeira Paulista
2023/07/31;0,0;956,4583333333334;14197,0;16,604166666666668;24,9;11,7;100,0;51,0;0,4666666666666666;Cachoeira Paulista
2023/08/01;0,2;956,025;14006,199999999999;17,704166666666666;26,0;12,0;100,0;47,0;0,45416666666666666;Cachoeira Paulista
2023/08/02;0,2;954,9625;17435,3;17,716666666666665;27,9;10,2;100,0;28,0;0,49583333333333335;Cachoeira Paulista
2023/08/03;0,0;952,875;18998,4;18,141666666666666;29,9;8,8;100,0;24,0;0,7041666666666666;Cachoeira Paulista
2023/08/04;0,0;952,7375000000001;18186,1;17,895833333333332;27,0;9,9;100,0;41,0;0,8250000000000001;Cachoeira Paulista
2023/08/05;0,2;953,4333333333334;16655,8;18,329166666666666;28,4;10,5;100,0;33,0;0,6;Cachoeira Paulista
2023/08/06;0,0;953,9708333333333;18519,2;19,75;28,7;11,7;100,0;35,0;0,8208333333333333;Cachoeira Paulista
2023/08/07;0,0;952,8041666666667;18816,5;21,495833333333334;31,4;14,0;96,0;25,0;0,43333333333333335;Cachoeira Paulista
2023/08/08;0,0;956,0708333333333;7798,8;20,125;25,0;15,0;97,0;54,0;1,1458333333333333;Cachoeira Paulista
2023/08/09;0,0;955,6166666666667;16386,9;19,425;24,4;15,4;100,0;58,0;2,529166666666667;Cachoeira Paulista
2023/08/10;0,0;952,5749999999999;17662,5;21,625;27,8;17,3;83,0;46,0;3,5749999999999997;Cachoeira Paulista
2023/08/11;0,0;951,15;18871,7;23,454166666666666;32,4;16,0;91,0;29,0;1,6958333333333335;Cachoeira Paulista
2023/08/12;0,0;952,0625;15958,4;20,470833333333335;32,4;13,0;100,0;29,0;1,15;Cachoeira Paulista
2023/08/13;2,2;953,7958333333332;11982,300000000001;18,716666666666665;24,3;14,0;100,0;56,0;0,8041666666666667;Cachoeira Paulista
2023/08/14;0,0;954,35;14208,5;19,020833333333332;24,2;15,6;100,0;58,0;1,55;Cachoeira Paulista
2023/08/15;0,0;953,7666666666668;13968,0;20,879166666666666;27,3;18,0;96,0;50,0;1,2375;Cachoeira Paulista
2023/08/16;0,0;954,3458333333333;13537,5;21,2;25,8;17,1;100,0;55,0;1,8375000000000001;Cachoeira Paulista
2023/08/17;0,0;952,0666666666666;19113,6;21,895833333333332;29,8;16,4;92,0;38,0;1,1458333333333333;Cachoeira Paulista
2023/08/18;0,0;947,4291666666667;17819,6;23,22083333333333;30,7;16,1;98,0;33,0;1,0166666666666666;Cachoeira Paulista
2023/08/19;0,0;944,2958333333332;14235,6;23,5625;30,7;16,7;76,0;31,0;2,1166666666666667;Cachoeira Paulista
2023/08/20;0,0;947,3249999999999;5515,7;19,55;22,9;17,0;100,0;48,0;1,1166666666666667;Cachoeira Paulista
2023/08/21;0,0;946,4;16655,6;20,304166666666667;30,1;12,1;100,0;32,0;1,0166666666666666;Cachoeira Paulista
2023/08/22;0,0;946,725;20806,1;21,366666666666664;32,0;12,1;100,0;21,0;0,9499999999999998;Cachoeira Paulista
2023/08/23;0,0;944,5958333333333;20471,899999999998;23,183333333333334;34,8;13,5;78,0;20,0;1,5875000000000001;Cachoeira Paulista
2023/08/24;0,0;943,6333333333333;18946,8;25,708333333333332;36,1;15,5;71,0;18,0;1,9791666666666667;Cachoeira Paulista
2023/08/25;2,4;944,9666666666667;16644,1;22,166666666666668;29,3;17,4;100,0;48,0;1,2166666666666668;Cachoeira Paulista
2023/08/26;16,8;948,7208333333333;3311,2;17,045833333333334;20,6;14,7;100,0;72,0;1,45;Cachoeira Paulista
2023/08/27;14,4;952,975;2080,0;14,104166666666666;14,7;13,0;100,0;100,0;0,39999999999999997;Cachoeira Paulista
2023/08/28;4,6;954,2791666666667;7328,5;14,862499999999999;18,3;13,1;100,0;71,0;0,3208333333333333;Cachoeira Paulista
2023/08/29;0,0;953,7708333333334;8000,0;16,85;20,8;14,3;96,0;68,0;0,45;Cachoeira Paulista
2023/08/30;0,0;950,1041666666666;19479,4;20,870833333333334;29,5;15,4;100,0;38,0;0,6791666666666667;Cachoeira Paulista
2023/08/31;0,0;951,7875;18174,0;20,541666666666668;28,2;14,7;100,0;36,0;0,6541666666666667;Cachoeira Paulista
2023/09/01;0,0;952,1041666666666;20333,7;21,054166666666667;28,0;16,4;96,0;48,0;2,3333333333333335;Cachoeira Paulista
2023/09/02;0,0;950,0375;17700,4;23,1125;29,3;18,5;83,0;49,0;3,2583333333333333;Cachoeira Paulista
2023/09/03;16,0;949,4708333333333;20834,600000000002;25,5625;33,9;19,1;100,0;34,0;1,4958333333333333;Cachoeira Paulista
2023/09/04;0,0;948,2333333333332;19514,9;26,508333333333336;34,6;20,2;91,0;37,0;1,1041666666666667;Cachoeira Paulista
2023/09/05;0,0;950,75;12158,5;24,941666666666666;32,0;20,4;87,0;47,0;1,0625;Cachoeira Paulista
2023/09/06;0,0;956,9416666666666;7842,1;19,470833333333335;23,3;17,3;100,0;64,0;1,3208333333333333;Cachoeira Paulista
2023/09/07;0,0;956,1291666666666;19428,0;20,070833333333333;25,3;16,5;89,0;54,0;2,525;Cachoeira Paulista
2023/09/08;0,0;951,6916666666666;23397,9;22,333333333333332;30,2;16,2;98,0;33,0;2,3958333333333335;Cachoeira Paulista
2023/09/09;0,0;950,7541666666666;21797,5;23,925;32,6;17,1;80,0;31,0;1,5916666666666668;Cachoeira Paulista
2023/09/10;0,0;952,3625000000001;17447,6;23,166666666666668;28,9;15,9;100,0;40,0;1,1500000000000001;Cachoeira Paulista
2023/09/11;0,0;951,7375000000001;23442,3;23,133333333333336;30,1;17,0;100,0;36,0;1,3083333333333333;Cachoeira Paulista
2023/09/12;0,0;950,2666666666668;23797,8;24,541666666666668;31,9;14,5;81,0;26,0;1,1083333333333334;Cachoeira Paulista
2023/09/13;0,0;947,2624999999999;23426,7;24,608333333333334;34,3;16,1;80,0;22,0;1,2583333333333333;Cachoeira Paulista
2023/09/14;0,0;946,8833333333333;11033,4;23,254166666666666;31,5;17,8;93,0;37,0;1,1041666666666667;Cachoeira Paulista
2023/09/15;7,800000000000001;952,1416666666668;8149,2;17,599999999999998;20,5;14,9;100,0;67,0;1,0833333333333333;Cachoeira Paulista
2023/09/16;0,0;951,2624999999999;23871,3;20,725;30,4;13,7;100,0;43,0;1,3666666666666665;Cachoeira Paulista
2023/09/17;0,0;950,4291666666667;23686,7;24,754166666666666;32,7;18,3;95,0;40,0;1,0958333333333334;Cachoeira Paulista
2023/09/18;0,0;950,3541666666666;24246,0;25,779166666666665;34,1;17,4;98,0;23,0;0,21666666666666667;Cachoeira Paulista
2023/09/19;0,0;949,6;24874,2;24,004166666666666;34,0;13,2;90,0;16,0;0,5875;Cachoeira Paulista
2023/09/20;0,0;950,3375;23509,9;23,004166666666666;33,1;13,6;93,0;21,0;0,23333333333333336;Cachoeira Paulista
2023/09/21;0,0;949,3000000000001;23747,6;24,920833333333334;31,9;19,7;90,0;39,0;1,3666666666666665;Cachoeira Paulista
2023/09/22;0,0;947,0166666666668;23723,0;26,9375;35,3;18,3;83,0;22,0;1,3666666666666665;Cachoeira Paulista
2023/09/23;0,0;946,9181818181819;23576,9;26,027272727272727;35,6;15,9;93,0;28,0;0,3;Cachoeira Paulista
2023/09/24;0,0;945,6291666666666;24018,600000000002;26,670833333333334;37,7;16,7;100,0;15,0;0,44999999999999996;Cachoeira Paulista
2023/09/25;0,0;945,5375;22063,8;26,400000000000002;35,5;18,6;91,0;35,0;0,5708333333333334;Cachoeira Paulista
2023/09/26;0,2;944,3375;21307,0;26,962500000000002;35,7;20,6;100,0;35,0;0,6375000000000001;Cachoeira Paulista
2023/09/27;0,6000000000000001;942,1458333333334;6363,0;26,054166666666664;30,3;21,9;91,0;47,0;0,08750000000000001;Cachoeira Paulista
2023/09/28;5,2;949,4454545454545;8065,6;19,14090909090909;21,6;16,1;100,0;68,0;1,8136363636363635;Cachoeira Paulista
2023/09/29;1,2;952,7333333333332;18665,7;18,900000000000002;25,3;15,8;100,0;55,0;2,0083333333333333;Cachoeira Paulista
2023/09/30;0,0;950,2173913043479;22485,9;21,347826086956523;27,4;17,0;89,0;55,0;2,0;Cachoeira Paulista
2023/10/01;63,4;947,3333333333334;4540,1;19,9;22,4;18,1;100,0;74,0;1,1380952380952383;Cachoeira Paulista
2023/10/02;2,6;945,85;8571,6;20,683333333333334;26,0;18,5;100,0;67,0;0,5125000000000001;Cachoeira Paulista
2023/10/03;0,2;945,8125;16199,4;21,78333333333333;28,4;18,5;100,0;61,0;1,2208333333333334;Cachoeira Paulista
2023/10/04;0,0;943,9083333333333;18530,7;25,0125;33,7;20,0;93,0;42,0;1,4875;Cachoeira Paulista
2023/10/05;5,8;943,0;19607,7;24,460869565217394;33,9;20,5;100,0;46,0;1,6130434782608696;Cachoeira Paulista
2023/10/06;14,6;946,8956521739129;22495,1;26,008695652173916;34,4;20,1;100,0;45,0;0,45652173913043476;Cachoeira Paulista
2023/10/07;1,8;946,8791666666666;13821,9;27,179166666666664;34,2;22,9;97,0;46,0;0,6791666666666667;Cachoeira Paulista
2023/10/08;1,6;948,2304347826087;16244,400000000001;24,40869565217391;29,7;20,8;98,0;59,0;1,2130434782608694;Cachoeira Paulista
2023/10/09;19,2;947,7391304347826;13709,5;24,20434782608696;29,7;20,6;100,0;53,0;1,3391304347826087;Cachoeira Paulista
2023/10/10;0,0;951,7227272727273;12874,7;21,636363636363637;26,3;19,2;91,0;61,0;1,5909090909090908;Cachoeira Paulista
2023/10/11;0,0;948,9681818181817;25883,5;23,727272727272727;30,8;18,2;93,0;49,0;1,8863636363636365;Cachoeira Paulista
2023/10/12;21,400000000000002;944,8857142857142;16499,9;25,6;32,7;19,6;100,0;46,0;1,7523809523809522;Cachoeira Paulista
2023/10/13;1,5999999999999999;948,8913043478261;9821,4;20,90869565217391;25,5;19,3;100,0;67,0;1,4304347826086956;Cachoeira Paulista
2023/10/14;2,8;953,8565217391305;3615,9;18,495652173913044;20,4;17,1;100,0;86,0;0,1565217391304348;Cachoeira Paulista
2023/10/15;0,2;953,5190476190477;26264,6;21,99047619047619;28,0;17,5;100,0;59,0;1,3952380952380952;Cachoeira Paulista
2023/10/16;0,0;950,4454545454545;25663,9;25,55;32,2;20,1;92,0;44,0;0,10909090909090909;Cachoeira Paulista
2023/10/17;22,0;949,491304347826;20412,8;24,56086956521739;30,3;18,6;100,0;49,0;0,8391304347826087;Cachoeira Paulista
2023/10/18;0,2;950,2318181818181;17099,4;23,55454545454546;29,2;19,7;100,0;50,0;0,022727272727272728;Cachoeira Paulista
2023/10/19;1,4;951,7041666666668;7649,900000000001;20,650000000000002;24,6;18,0;100,0;62,0;0,004166666666666667;Cachoeira Paulista
2023/10/20;0,0;951,6347826086956;8344,6;19,208695652173912;23,2;17,4;100,0;67,0;1,056521739130435;Cachoeira Paulista
2023/10/21;0,2;951,7708333333334;13270,5;20,258333333333333;24,5;17,6;100,0;64,0;1,2041666666666668;Cachoeira Paulista
2023/10/22;0,0;951,0625;28827,4;22,120833333333334;28,1;17,7;96,0;46,0;0,5208333333333334;Cachoeira Paulista
2023/10/23;0,0;948,4291666666667;26500,0;24,1375;32,8;18,7;93,0;41,0;0,5458333333333333;Cachoeira Paulista
2023/10/24;0,6;943,5409090909092;25383,9;26,477272727272727;35,3;18,4;100,0;34,0;1,0318181818181817;Cachoeira Paulista
2023/10/25;9,799999999999999;943,1826086956522;17473,2;23,27391304347826;29,8;20,2;100,0;53,0;0,20434782608695648;Cachoeira Paulista
2023/10/26;8,6;942,8125;12340,599999999999;21,895833333333332;26,9;18,9;100,0;64,0;0,25416666666666665;Cachoeira Paulista
2023/10/27;0,0;945,0625;22894,8;23,325;28,7;20,0;96,0;59,0;1,0041666666666667;Cachoeira Paulista
2023/10/28;19,200000000000003;945,3217391304348;12129,5;23,791304347826088;29,4;19,3;100,0;55,0;1,0043478260869565;Cachoeira Paulista
2023/10/29;35,8;944,4772727272727;12890,4;24,981818181818184;31,6;21,4;100,0;50,0;0,9454545454545453;Cachoeira Paulista
2023/10/30;3,6;945,35;21674,8;24,954166666666666;33,1;20,8;100,0;44,0;0,12083333333333333;Cachoeira Paulista
2023/10/31;20,2;944,7173913043479;18247,8;25,082608695652173;31,8;19,8;99,0;56,0;0,6347826086956523;Cachoeira Paulista
2023/11/01;2,8;945,908695652174;16735,9;22,347826086956523;28,7;18,6;100,0;57,0;0,782608695652174;Cachoeira Paulista
2023/11/02;0,0;947,2142857142857;10978,5;21,2;25,1;18,3;91,0;67,0;0,14285714285714285;Cachoeira Paulista
2023/11/03;4,2;943,8304347826087;24765,1;24,291304347826088;31,8;19,1;97,0;49,0;1,8391304347826085;Cachoeira Paulista
2023/11/04;1,0;942,3782608695652;24348,2;24,504347826086956;31,3;19,7;100,0;38,0;0,7434782608695651;Cachoeira Paulista
2023/11/05;0,0;947,9708333333333;30275,4;21,675;28,6;15,9;100,0;39,0;0,6916666666666668;Cachoeira Paulista
2023/11/06;0,4;951,8625000000001;23514,8;19,841666666666665;26,1;15,0;96,0;53,0;1,3541666666666667;Cachoeira Paulista
2023/11/07;0,0;952,4916666666667;28385,7;20,05;26,7;14,7;94,0;45,0;1,4291666666666665;Cachoeira Paulista
2023/11/08;0,0;950,4;30067,5;22,425;33,1;14,9;99,0;21,0;0,5875;Cachoeira Paulista
2023/11/09;0,0;947,7083333333334;28708,3;25,445833333333336;34,6;15,5;94,0;29,0;0,5499999999999999;Cachoeira Paulista
2023/11/10;0,0;948,2416666666667;27106,899999999998;26,016666666666666;32,7;20,3;95,0;42,0;0,23750000000000002;Cachoeira Paulista
2023/11/11;0,0;946,5318181818183;27171,6;27,568181818181817;35,5;21,6;92,0;32,0;0,0;Cachoeira Paulista
2023/11/12;0,0;944,5652173913044;28159,7;28,934782608695652;37,8;20,2;94,0;23,0;0,1956521739130435;Cachoeira Paulista
2023/11/13;0,0;944,5681818181819;28796,8;29,595454545454547;38,6;19,9;94,0;25,0;0,07727272727272728;Cachoeira Paulista
2023/11/14;0,4;943,6272727272727;26046,4;29,154545454545453;38,6;20,5;97,0;26,0;0,2636363636363636;Cachoeira Paulista
2023/11/15;3,2;945,5217391304348;20691,100000000002;25,834782608695654;35,0;20,1;93,0;44,0;0,5347826086956522;Cachoeira Paulista
2023/11/16;0,2;943,9583333333334;22919,6;26,691666666666666;35,6;19,6;98,0;33,0;0,12916666666666668;Cachoeira Paulista
2023/11/17;0,0;942,8086956521738;23017,6;28,573913043478264;37,3;20,7;95,0;33,0;0,18695652173913044;Cachoeira Paulista
2023/11/18;0,0;942,1857142857143;24004,6;30,490476190476187;37,8;23,0;91,0;35,0;1,319047619047619;Cachoeira Paulista
2023/11/19;32,8;946,4541666666668;7720,2;24,829166666666666;30,4;19,0;87,0;50,0;0,30833333333333335;Cachoeira Paulista
2023/11/20;1,0;948,1391304347826;12808,2;22,213043478260868;28,0;19,2;100,0;61,0;0,2434782608695652;Cachoeira Paulista
2023/11/21;0,2;946,2727272727273;26557,6;25,30454545454546;32,7;19,7;95,0;46,0;0,6090909090909091;Cachoeira Paulista
2023/11/22;3,4;944,3909090909091;25377,399999999998;27,13181818181818;35,3;22,0;98,0;41,0;0,10909090909090909;Cachoeira Paulista
2023/11/23;0,0;945,7619047619048;16172,9;26,1;31,7;21,8;98,0;53,0;0,31428571428571433;Cachoeira Paulista
2023/11/24;8,4;951,395238095238;7026,8;21,64761904761905;24,2;18,0;100,0;65,0;2,1714285714285717;Cachoeira Paulista
2023/11/25;0,0;952,9521739130436;9061,7;19,11304347826087;22,4;16,3;98,0;61,0;0,43913043478260866;Cachoeira Paulista
2023/11/26;0,0;950,875;21711,8;20,208333333333332;25,9;16,3;94,0;61,0;1,6500000000000001;Cachoeira Paulista
2023/11/27;0,0;950,45;20432,7;22,71818181818182;28,2;17,6;98,0;56,0;0,2863636363636364;Cachoeira Paulista
2023/11/28;35,2;948,1899999999999;19973,4;23,925;30,3;18,6;100,0;58,0;0,15;Cachoeira Paulista
2023/11/29;14,0;946,7095238095238;11326,4;23,504761904761907;27,1;20,4;99,0;57,0;0,819047619047619;Cachoeira Paulista
2023/11/30;9,0;945,4782608695652;29322,399999999998;25,47391304347826;35,0;19,2;100,0;38,0;0,28695652173913044;Cachoeira Paulista
2023/12/01;1,8;946,9208333333332;25026,2;24,979166666666668;32,8;20,1;100,0;38,0;0,0;Cachoeira Paulista
2023/12/02;0,0;945,4200000000001;29327,8;26,945;34,8;20,7;97,0;30,0;0,01;Cachoeira Paulista
2023/12/03;0,0;944,0875;29131,2;27,579166666666666;35,9;21,3;99,0;28,0;0,0;Cachoeira Paulista
2023/12/04;9,8;945,8909090909091;25914,1;26,60909090909091;35,0;20,6;99,0;42,0;0,5227272727272727;Cachoeira Paulista
2023/12/05;1,2000000000000002;949,6739130434783;18502,8;24,073913043478264;30,9;20,2;99,0;56,0;0,14347826086956522;Cachoeira Paulista
2023/12/06;43,6;948,7916666666666;18044,1;25,208333333333332;30,6;20,7;98,0;56,0;0,0;Cachoeira Paulista
2023/12/07;0,0;946,6826086956522;25420,6;27,70434782608696;35,2;21,9;98,0;40,0;0,16521739130434784;Cachoeira Paulista
2023/12/08;3,5999999999999996;947,2304347826087;19291,7;25,095652173913045;32,9;21,9;100,0;42,0;0,5434782608695652;Cachoeira Paulista
2023/12/09;8,4;949,4875000000001;10673,0;22,066666666666666;26,6;19,4;99,0;63,0;0,14583333333333334;Cachoeira Paulista
2023/12/10;1,8;948,8772727272727;25519,2;21,39090909090909;26,5;18,0;98,0;61,0;1,1272727272727272;Cachoeira Paulista
2023/12/11;5,8;946,2208333333333;10817,9;22,208333333333332;27,0;19,2;98,0;64,0;0,17500000000000002;Cachoeira Paulista
2023/12/12;1,6;949,8227272727272;17460,7;22,963636363636365;29,2;19,6;95,0;54,0;0,20909090909090908;Cachoeira Paulista
2023/12/13;0,0;948,9666666666667;28158,5;22,712500000000002;28,3;17,1;96,0;56,0;1,1416666666666666;Cachoeira Paulista
2023/12/14;0,0;947,0041666666666;30868,6;25,991666666666664;34,3;19,7;98,0;37,0;0,024999999999999998;Cachoeira Paulista
2023/12/15;0,0;947,0782608695652;30903,3;27,67391304347826;35,4;20,1;98,0;34,0;0,0782608695652174;Cachoeira Paulista
2023/12/16;0,0;947,695652173913;30815,8;27,76086956521739;33,8;21,6;90,0;38,0;0,7999999999999999;Cachoeira Paulista
2023/12/17;0,0;947,0608695652174;27416,1;25,12608695652174;32,9;20,7;97,0;42,0;1,5260869565217392;Cachoeira Paulista
2023/12/18;0,0;944,3541666666666;29074,899999999998;24,254166666666666;33,9;17,5;98,0;36,0;0,09166666666666667;Cachoeira Paulista
2023/12/19;0,0;943,3208333333333;28278,3;25,02916666666667;32,8;18,6;96,0;29,0;0,7625000000000001;Cachoeira Paulista
2023/12/20;0,0;945,225;30801,9;23,3;30,8;15,7;97,0;31,0;1,25;Cachoeira Paulista
2023/12/21;0,0;946,8565217391305;29882,3;25,291304347826088;33,9;17,3;98,0;34,0;0,4869565217391304;Cachoeira Paulista
2023/12/22;0,0;946,7772727272727;27786,100000000002;26,55909090909091;34,7;20,2;97,0;37,0;0,9727272727272727;Cachoeira Paulista
2023/12/23;8,4;946,7619047619048;21786,0;24,395238095238092;32,2;20,2;98,0;52,0;0,5619047619047619;Cachoeira Paulista
2023/12/24;11,2;946,1227272727273;26159,0;25,25909090909091;33,2;19,4;99,0;43,0;0,09090909090909091;Cachoeira Paulista
2023/12/25;0,4;946,5272727272727;28387,8;25,522727272727273;34,0;19,0;99,0;36,0;0,2818181818181818;Cachoeira Paulista
2023/12/26;3,4;946,0956521739131;15772,0;24,44347826086957;31,9;20,3;98,0;49,0;0,0;Cachoeira Paulista
2023/12/27;27,4;949,7285714285714;15218,8;21,81904761904762;25,8;19,4;98,0;64,0;0,35714285714285715;Cachoeira Paulista
2023/12/28;0,0;948,9541666666668;31285,8;23,079166666666666;30,3;15,4;98,0;52,0;0,05833333333333333;Cachoeira Paulista
2023/12/29;0,0;945,491304347826;29051,2;27,51304347826087;35,2;20,6;93,0;37,0;0,7347826086956522;Cachoeira Paulista
2023/12/30;0,0;946,7434782608696;14934,6;24,51304347826087;29,8;20,9;96,0;58,0;0,7956521739130435;Cachoeira Paulista
2023/12/31;6,0;949,4291666666667;19020,6;21,191666666666666;25,9;18,6;98,0;62,0;1,4166666666666667;Cachoeira Paulista
