DataHora;Precipitação;Pressão Atmosférica;Radiação Global;Temperatura do Ar;Temperatura Máxima;Temperatura Mínima;Umidade Relativa;Vento, Velocidade;Cidade
2023-01-01;0,03333333333333333;1004,7875;706,0916666666667;25,72083333333333;26,170833333333334;25,25;83,83333333333333;1,5916666666666668;Manaus
2023-01-02;0,049999999999999996;1004,8000000000001;506,8875;26,125;26,670833333333334;25,570833333333336;;1,3416666666666668;Manaus
2023-01-03;0,5166666666666667;1005,1291666666666;322,1625;24,900000000000002;;24,479166666666668;87,41666666666667;1,0791666666666666;Manaus
2023-01-04;0,0;1004,5958333333333;700,6416666666668;27,129166666666666;;26,587500000000002;78,375;1,4458333333333335;Manaus
2023-01-05;0,08333333333333333;962,9791666666666;525,9;26,108333333333334;26,775000000000002;25,483333333333334;75,125;1,0958333333333334;Manaus
2023-01-06;0,8916666666666666;1006,1583333333333;378,2208333333333;25,108333333333334;25,462500000000002;24,770833333333332;87,70833333333333;1,1208333333333333;Manaus
2023-01-07;0,0;964,0791666666668;921,2708333333334;26,650000000000002;27,270833333333332;26,066666666666666;74,0;1,3416666666666668;Manaus
2023-01-08;0,049999999999999996;1006,1583333333333;496,9791666666667;27,224999999999998;27,84166666666667;26,662499999999998;78,0;0,9708333333333333;Manaus
2023-01-09;0,5750000000000001;879,7916666666666;347,625;22,2375;22,787499999999998;21,816666666666666;76,625;0,8541666666666666;Manaus
2023-01-10;0,2916666666666667;964,4958333333334;380,2416666666666;23,5;23,90416666666667;23,09166666666667;85,25;0,9041666666666667;Manaus
2023-01-11;0,0;963,7208333333333;876,9499999999999;26,15833333333333;26,670833333333334;25,583333333333332;74,83333333333333;1,6875;Manaus
2023-01-12;0,10833333333333334;962,4458333333333;790,5958333333333;26,53333333333333;27,3;25,837500000000002;73,29166666666667;1,5125;Manaus
2023-01-13;1,4000000000000001;1004,2708333333334;214,42499999999998;25,383333333333336;25,84166666666667;25,058333333333334;88,75;0,9625;Manaus
2023-01-14;0,21666666666666667;921,7333333333332;615,4541666666667;23,349999999999998;23,7625;22,979166666666668;77,04166666666667;1,425;Manaus
2023-01-15;0,0;1005,7083333333334;556,4375;26,920833333333334;27,354166666666668;26,508333333333336;80,33333333333333;1,5541666666666665;Manaus
2023-01-16;1,4500000000000002;1004,4583333333334;598,7958333333333;26,525000000000002;27,40416666666667;25,825;81,25;1,1708333333333334;Manaus
2023-01-17;0,44999999999999996;1004,8958333333334;223,13333333333333;24,241666666666664;24,633333333333336;24,03333333333333;90,08333333333333;1,0;Manaus
2023-01-18;0,15833333333333335;1006,0291666666667;550,0791666666667;25,666666666666668;26,125;25,2625;82,70833333333333;1,0291666666666666;Manaus
2023-01-19;0,0;1006,2708333333334;558,9416666666667;25,34583333333333;25,84583333333333;24,870833333333334;78,83333333333333;2,025;Manaus
2023-01-20;0,4083333333333334;964,3125;288,90000000000003;23,758333333333336;24,15833333333333;23,412499999999998;84,08333333333333;1,1208333333333333;Manaus
2023-01-21;0,0;921,625;560,3708333333333;23,6125;24,21666666666667;23,1125;76,83333333333333;0,9708333333333333;Manaus
2023-01-22;0,20833333333333334;1004,6458333333334;430,81666666666666;25,03333333333333;25,829166666666666;24,479166666666668;84,04166666666667;1,1125;Manaus
2023-01-23;0,19999999999999998;963,4125;686,025;24,8875;25,349999999999998;24,099999999999998;79,125;1,2625;Manaus
2023-01-24;1,1083333333333334;1004,8083333333334;456,85833333333335;25,787499999999998;26,71666666666667;25,070833333333336;87,54166666666667;0,725;Manaus
2023-01-25;1,6166666666666665;920,6999999999999;241,04583333333332;22,491666666666664;22,962500000000002;22,1125;85,04166666666667;0,7083333333333334;Manaus
2023-01-26;0,016666666666666666;1003,7833333333333;419,75416666666666;25,52916666666667;25,933333333333334;25,041666666666668;86,875;0,7041666666666666;Manaus
2023-01-27;0,5666666666666667;1003,6583333333333;385,37083333333334;26,354166666666668;26,933333333333334;25,866666666666664;85,5;1,05;Manaus
2023-01-28;0,2416666666666667;920,5208333333334;488,5625;23,675;24,2625;23,287499999999998;77,58333333333333;1,275;Manaus
2023-01-29;0,0;1004,5916666666667;596,3041666666667;26,45;26,974999999999998;26,0625;79,45833333333333;1,4791666666666667;
2023-01-30;0,65;962,0791666666668;156,57500000000002;23,983333333333334;24,425;23,6375;86,0;0,9333333333333332;Manaus
2023-01-31;0,008333333333333333;1004,3583333333332;581,3125;25,729166666666668;26,224999999999998;25,270833333333332;84,83333333333333;1,7083333333333333;Manaus
2023-02-01;0,0;962,5458333333332;814,8916666666665;25,7;26,03333333333333;25,175;73,625;2,0208333333333335;Manaus
2023-02-02;0,0;963,1958333333333;621,2916666666666;;26,854166666666668;25,78333333333333;71,54166666666667;2,0708333333333333;Manaus
2023-02-03;0,049999999999999996;963,0708333333333;667,8083333333333;26,675;27,241666666666664;25,962500000000002;72,25;1,5958333333333332;Manaus
2023-02-04;1,1833333333333333;1006,8041666666667;373,4791666666667;24,8625;25,441666666666666;24,395833333333332;89,5;1,0583333333333333;Manaus
2023-02-05;0,5499999999999999;964,5500000000001;;23,570833333333336;23,90833333333333;23,254166666666666;87,95833333333333;0,9166666666666666;Manaus
2023-02-06;0,13333333333333333;962,8208333333333;539,2208333333334;25,224999999999998;25,912499999999998;24,787499999999998;81,75;0,8416666666666667;Manaus
2023-02-07;0,25833333333333336;1004,3666666666667;333,425;26,02916666666667;26,616666666666664;25,570833333333336;88,20833333333333;0,7208333333333333;Manaus
2023-02-08;0,25833333333333336;1004,35;452,17499999999995;25,787499999999998;26,4875;25,204166666666666;88,04166666666667;0,9291666666666667;Manaus
2023-02-09;0,5333333333333333;1004,5;251,88750000000002;24,879166666666666;25,179166666666664;24,495833333333334;91,0;0,8708333333333332;Manaus
2023-02-10;0,08333333333333333;962,4083333333333;536,9083333333333;24,787499999999998;25,258333333333336;24,275000000000002;82,58333333333333;1,0208333333333333;Manaus
2023-02-11;0,9083333333333333;1003,9375;256,02916666666664;25,245833333333334;25,733333333333334;24,895833333333332;88,83333333333333;1,0916666666666666;Manaus
2023-02-12;1,8;1002,9875000000001;466,73333333333335;25,912499999999998;26,429166666666664;25,395833333333332;87,54166666666667;1,2083333333333333;Manaus
2023-02-13;0,7666666666666666;960,9375;554,2583333333333;25,616666666666664;26,3;25,079166666666666;83,20833333333333;0,9375;Manaus
2023-02-14;0,21666666666666667;878,0124999999999;453,24583333333334;22,370833333333334;22,925;21,858333333333334;76,375;0,9249999999999999;Manaus
2023-02-15;0,65;1003,5291666666667;571,4708333333333;26,175;26,849999999999998;25,520833333333332;86,58333333333333;0,9666666666666667;Manaus
2023-02-16;2,441666666666667;1002,8083333333334;127,94583333333333;24,804166666666664;25,108333333333334;24,575;92,58333333333333;0,9083333333333333;Manaus
2023-02-17;0,0;1003,0416666666666;577,2916666666666;25,420833333333334;25,804166666666664;25,004166666666666;87,41666666666667;1,4541666666666666;Manaus
2023-02-18;0,3666666666666667;961,6875;791,4124999999999;25,820833333333336;26,391666666666666;25,258333333333336;78,0;1,2583333333333333;Manaus
2023-02-19;0,7583333333333333;962,0166666666668;465,65416666666664;24,45;24,8875;23,895833333333332;84,41666666666667;1,1208333333333333;Manaus
2023-02-20;1,625;920,9;293,52916666666664;21,96666666666667;22,28333333333333;21,666666666666668;85,95833333333333;1,0;Manaus
2023-02-21;0,13333333333333333;963,7083333333334;451,94166666666666;22,679166666666664;23,020833333333332;22,229166666666668;86,20833333333333;1,2;Manaus
2023-02-22;0,024999999999999998;880,8666666666667;840,8416666666667;23,075;23,47083333333333;22,566666666666666;69,25;1,3583333333333334;Manaus
2023-02-23;0,0;1006,4083333333333;678,2125;27,516666666666666;28,183333333333334;26,979166666666668;77,70833333333333;1,1958333333333333;Manaus
2023-02-24;0,10833333333333334;963,8166666666666;549,1625;26,0;26,5;25,420833333333334;77,29166666666667;1,2041666666666666;Manaus
2023-02-25;1,8083333333333333;1005,7416666666667;460,29583333333335;26,03333333333333;26,704166666666666;25,458333333333332;87,375;1,0583333333333333;Manaus
2023-02-26;0,024999999999999998;1005,3083333333334;741,2125;26,212500000000002;26,775000000000002;25,587500000000002;82,5;1,1208333333333333;Manaus
2023-02-27;0,016666666666666666;963,5124999999999;890,5416666666666;26,354166666666668;26,962500000000002;25,71666666666667;74,20833333333333;1,6083333333333334;Manaus
2023-02-28;0,03333333333333333;1006,5416666666666;678,2083333333334;26,179166666666664;26,712500000000002;25,620833333333334;82,33333333333333;;Manaus
2023-03-01;0,0;1005,5791666666668;497,82916666666665;27,833333333333332;28,295833333333334;27,333333333333332;78,91666666666667;1,0333333333333334;Manaus
2023-03-02;0,65;920,4458333333333;597,875;24,162499999999998;24,854166666666668;23,441666666666666;80,83333333333333;1,0250000000000001;Manaus
2023-03-03;0,025000000000000005;961,5;639,3708333333333;26,166666666666668;26,724999999999998;25,583333333333332;80,20833333333333;1,4083333333333332;Manaus
2023-03-04;0,3416666666666666;1003,2708333333334;671,6541666666667;27,429166666666664;27,995833333333334;26,804166666666664;78,875;2,0166666666666666;Manaus
2023-03-05;0,5416666666666666;1003,9958333333334;604,875;26,59583333333333;27,195833333333336;25,8625;86,875;1,05;Manaus
2023-03-06;0,024999999999999998;962,125;430,3541666666667;24,870833333333334;25,270833333333332;24,55;82,83333333333333;1,2375;Manaus
2023-03-07;1,3333333333333333;962,5916666666667;169,65833333333333;23,7375;24,108333333333334;23,412499999999998;86,16666666666667;0,7625000000000001;Manaus
2023-03-08;1,0166666666666666;1004,7041666666668;210,8125;24,945833333333336;25,308333333333334;24,583333333333332;91,16666666666667;1,0999999999999999;Manaus
2023-03-09;0,6;962,3708333333334;635,8625;25,625;26,141666666666666;25,125;81,08333333333333;1,3916666666666666;Manaus
2023-03-10;0,44166666666666665;1004,1916666666666;498,4791666666667;26,691666666666666;27,224999999999998;26,22083333333333;84,20833333333333;1,3666666666666665;Manaus
2023-03-11;0,7000000000000001;1003,7791666666667;335,1083333333333;26,304166666666664;26,8;25,958333333333332;87,70833333333333;1,0374999999999999;Manaus
2023-03-12;2,908333333333333;1005,4875000000001;100,72083333333335;24,570833333333336;24,816666666666666;24,420833333333334;95,29166666666667;0,6791666666666667;Manaus
2023-03-13;0,0;1006,0124999999999;466,875;25,9375;26,504166666666666;25,554166666666664;87,16666666666667;0,8916666666666666;Manaus
2023-03-14;1,4000000000000001;1006,1166666666667;413,8833333333334;25,974999999999998;26,474999999999998;25,52916666666667;85,66666666666667;1,0625;Manaus
2023-03-15;0,024999999999999998;1005,3166666666666;;26,891666666666666;27,383333333333336;26,3875;83,375;1,3083333333333333;Manaus
2023-03-16;0,008333333333333333;1004,9083333333333;414,54583333333335;26,820833333333336;27,266666666666666;26,45;83,0;0,9708333333333333;Manaus
2023-03-17;1,9000000000000001;1004,5666666666666;218,57500000000002;25,645833333333332;26,120833333333334;25,320833333333336;87,16666666666667;1,4625000000000001;Manaus
2023-03-18;0,0;879,4625;547,7208333333334;22,366666666666664;22,77916666666667;21,983333333333334;71,66666666666667;1,2166666666666666;Manaus
2023-03-19;1,225;962,8249999999999;711,6750000000001;25,59583333333333;26,400000000000002;24,804166666666664;77,79166666666667;1,3;Manaus
2023-03-20;0,016666666666666666;1004,9;669,6125000000001;26,608333333333334;27,175;26,004166666666666;80,875;1,4083333333333332;Manaus
2023-03-21;0,0;1004,1958333333333;751,4833333333332;28,40416666666667;28,925;27,90833333333333;76,75;1,9708333333333332;Manaus
2023-03-22;0,0;962,6041666666666;529,6916666666667;26,629166666666666;27,224999999999998;26,270833333333332;74,08333333333333;1,9833333333333334;Manaus
2023-03-23;0,0;1004,5291666666667;829,1791666666667;26,766666666666666;27,11666666666667;26,3;78,45833333333333;1,8875;Manaus
2023-03-24;0,008333333333333333;1004,4875000000001;594,2541666666667;27,875;28,5;27,40416666666667;78,83333333333333;;Manaus
2023-03-25;2,066666666666667;1005,0583333333334;187,8375;25,325;25,679166666666664;25,004166666666666;87,91666666666667;1,3541666666666667;Manaus
2023-03-26;0,6666666666666666;1005,75;571,1125000000001;25,829166666666666;26,633333333333336;25,145833333333332;86,45833333333333;0,8791666666666668;Manaus
2023-03-27;0,0;1005,1041666666666;836,1458333333334;27,1875;27,633333333333336;26,620833333333334;80,95833333333333;1,0041666666666667;Manaus
2023-03-28;0,9666666666666667;1004,7416666666667;661,6083333333333;26,825;;26,295833333333334;83,125;1,1291666666666667;Manaus
2023-03-29;0,03333333333333333;1004,2166666666667;676,3708333333333;27,291666666666668;27,816666666666666;26,599999999999998;78,25;1,2;Manaus
2023-03-30;0,23333333333333336;1005,3458333333333;432,1333333333334;26,304166666666664;26,820833333333336;25,920833333333334;85,54166666666667;1,5791666666666666;Manaus
2023-03-31;0,0;1005,4250000000001;900,8833333333333;27,170833333333334;27,691666666666666;26,608333333333334;76,83333333333333;1,5999999999999999;Manaus
2023-04-01;1,2916666666666667;1005,0124999999999;656,1750000000001;27,183333333333334;27,804166666666664;26,625;80,08333333333333;1,7166666666666668;Manaus
2023-04-02;0,9916666666666667;1005,6708333333332;293,1666666666667;24,925;25,354166666666668;24,608333333333334;86,29166666666667;1,2041666666666666;Manaus
2023-04-03;0,0;1004,4583333333334;506,45416666666665;26,616666666666664;27,116666666666664;26,195833333333336;82,66666666666667;1,2874999999999999;Manaus
2023-04-04;1,0083333333333333;;421,6458333333333;26,070833333333336;26,679166666666664;25,675;85,41666666666667;1,0;Manaus
2023-04-05;2,0;1003,0625;342,9166666666667;25,316666666666666;25,84166666666667;24,71666666666667;89,375;1,2208333333333334;Manaus
2023-04-06;0,0;1003,2333333333332;697,6458333333334;26,849999999999998;27,349999999999998;26,40833333333333;79,875;1,8041666666666665;Manaus
2023-04-07;0,0;1003,4499999999999;739,0375;27,587500000000002;28,070833333333336;27,104166666666668;74,95833333333333;1,4958333333333333;
2023-04-08;0,325;1004,7541666666666;607,7083333333334;27,2;27,75;26,679166666666664;80,04166666666667;1,4166666666666667;Manaus
2023-04-09;0,016666666666666666;1005,5333333333333;526,225;26,566666666666666;27,075;26,1375;83,75;1,1541666666666666;Manaus
2023-04-10;;1006,3208333333333;421,5;26,325;26,879166666666666;25,8875;86,16666666666667;1,1833333333333333;Manaus
2023-04-11;0,0;1004,7833333333333;946,3416666666667;27,125;27,504166666666666;26,575;79,25;1,3458333333333332;Manaus
2023-04-12;0,0;1003,0583333333334;763,6374999999999;28,95;29,55;28,366666666666664;74,20833333333333;1,2416666666666667;Manaus
2023-04-13;1,4083333333333332;1002,4875000000001;610,0583333333333;27,829166666666666;28,55;27,129166666666666;82,20833333333333;0,9708333333333333;Manaus
2023-04-14;0,0;542,3625000000001;216,5666666666667;15,470833333333333;14,616666666666667;14,020833333333334;41,833333333333336;0,7791666666666667;Manaus
2023-04-15;0,17500000000000002;1003,8583333333332;549,2083333333334;27,270833333333332;28,15416666666667;26,6125;82,75;1,0791666666666666;Manaus
2023-04-16;0,15;1004,4958333333334;292,4833333333333;26,270833333333332;26,670833333333334;25,854166666666668;87,16666666666667;0,8041666666666667;Manaus
2023-04-17;1,1916666666666667;1003,4666666666667;198,1625;25,441666666666666;25,866666666666664;25,183333333333334;92,41666666666667;0,8333333333333334;Manaus
2023-04-18;0,15833333333333333;1002,8541666666666;435,04583333333335;26,09166666666667;26,599999999999998;25,6125;88,29166666666667;0,8583333333333334;Manaus
2023-04-19;0,0;1004,3249999999999;639,4791666666666;27,458333333333332;27,979166666666668;26,891666666666666;80,25;1,2083333333333333;Manaus
2023-04-20;0,19166666666666665;1004,0833333333334;840,9416666666666;28,675;29,3125;28,1125;77,83333333333333;1,8541666666666667;Manaus
2023-04-21;0,23333333333333336;961,3000000000001;441,14166666666665;25,116666666666664;25,495833333333334;24,775000000000002;82,58333333333333;1,2458333333333333;Manaus
2023-04-22;1,5499999999999998;1003,5749999999999;219,37916666666663;25,5;25,96666666666667;25,22083333333333;90,41666666666667;0,8541666666666666;Manaus
2023-04-23;0,03333333333333333;1004,3249999999999;660,7166666666667;26,083333333333332;26,425;25,541666666666668;81,95833333333333;1,2833333333333334;Manaus
2023-04-24;0,0;1003,8166666666666;857,1999999999999;28,266666666666666;;27,754166666666666;75,54166666666667;1,4666666666666668;Manaus
2023-04-25;0,225;1005,8458333333333;293,71666666666664;26,979166666666668;27,412499999999998;26,65416666666667;84,75;1,0208333333333333;Manaus
2023-04-26;0,15833333333333333;1005,6041666666666;501,1875;26,96666666666667;27,554166666666664;26,425;83,45833333333333;0,8833333333333333;Manaus
2023-04-27;0,0;1005,6125000000001;652,1416666666667;27,891666666666666;28,520833333333332;27,429166666666664;77,45833333333333;1,3666666666666665;Manaus
2023-04-28;0,0;963,4833333333332;751,9458333333333;27,583333333333332;28,141666666666666;27,004166666666666;72,08333333333333;1,3499999999999999;Manaus
2023-04-29;0,0;1005,2624999999999;824,6625;28,808333333333334;29,325;;73,70833333333333;1,6333333333333335;Manaus
2023-04-30;0,0;1005,4583333333334;616,7916666666666;28,558333333333334;29,099999999999998;27,983333333333334;74,375;1,3416666666666668;Manaus
2023-05-01;0,5916666666666667;1005,6875;;26,233333333333334;26,816666666666666;25,804166666666664;83,83333333333333;1,1333333333333333;Manaus
2023-05-02;0,27499999999999997;1006,0083333333333;459,04583333333335;26,129166666666666;26,537499999999998;25,575;84,16666666666667;1,125;Manaus
2023-05-03;0,025000000000000005;669,4833333333333;268,975;18,254166666666666;18,695833333333333;18,033333333333335;53,333333333333336;0,5125000000000001;Manaus
2023-05-04;0,26666666666666666;963,2041666666668;490,4291666666666;26,05;26,650000000000002;25,537499999999998;76,0;1,4166666666666667;Manaus
2023-05-05;0,08333333333333333;1005,3666666666667;584,8375;27,2625;27,958333333333332;26,641666666666666;79,04166666666667;1,7416666666666665;Manaus
2023-05-06;1,0583333333333333;1005,3874999999999;365,4041666666667;26,662499999999998;27,21666666666667;26,150000000000002;85,45833333333333;0,8666666666666667;Manaus
2023-05-07;;1004,5833333333334;608,7583333333333;27,787499999999998;28,27916666666667;27,329166666666666;83,41666666666667;0,9708333333333333;Manaus
2023-05-08;0,0;1005,5041666666666;426,9583333333333;27,724999999999998;28,1125;27,325;80,66666666666667;1,0875000000000001;Manaus
2023-05-09;0,25;1005,7416666666667;270,8833333333333;27,1875;27,59583333333333;26,858333333333334;86,33333333333333;1,0291666666666666;Manaus
2023-05-10;0,0;1005,1125000000001;492,99166666666673;27,912499999999998;28,441666666666666;27,520833333333332;82,0;0,9249999999999999;Manaus
2023-05-11;0,0;1006,0749999999999;391,1166666666666;26,287499999999998;26,7375;25,8625;84,5;1,1791666666666667;Manaus
2023-05-12;0,016666666666666666;1006,2208333333333;460,12083333333334;26,233333333333334;26,758333333333336;25,71666666666667;80,08333333333333;1,1041666666666667;Manaus
2023-05-13;0,0;964,0416666666666;754,0375;27,349999999999998;26,758333333333336;25,791666666666668;73,04166666666667;1,2708333333333333;Manaus
2023-05-14;0,0;1006,0625;671,5541666666667;;29,97083333333333;28,8625;74,5;1,3208333333333333;Manaus
2023-05-15;0,041666666666666664;1006,7041666666668;600,15;28,258333333333336;28,870833333333334;27,891666666666666;81,41666666666667;;Manaus
2023-05-16;1,1166666666666667;1006,1916666666666;377,9666666666667;27,116666666666664;27,495833333333334;26,691666666666666;87,04166666666667;1,0291666666666666;Manaus
2023-05-17;1,0583333333333333;1005,6999999999999;390,29583333333335;26,933333333333334;27,55;26,320833333333336;87,08333333333333;0,9166666666666666;Manaus
2023-05-18;0,15833333333333333;1006,5124999999999;437,81666666666666;26,833333333333332;27,1375;26,254166666666666;84,04166666666667;0,85;Manaus
2023-05-19;0,0;1005,1999999999999;720,65;28,587500000000002;28,95;28,1875;78,08333333333333;2,0;Manaus
2023-05-20;0,0;1003,7041666666668;593,1708333333333;28,979166666666668;29,558333333333334;28,46666666666667;74,75;1,675;Manaus
2023-05-21;0,0;1002,7583333333333;690,7083333333334;29,212500000000002;29,620833333333334;28,754166666666666;78,0;1,4666666666666668;Manaus
2023-05-22;0,0;1002,9708333333333;545,6875;29,4875;30,041666666666668;28,979166666666668;75,91666666666667;1,7208333333333332;Manaus
2023-05-23;0,47500000000000003;1004,3541666666666;453,9791666666667;27,987499999999997;28,59583333333333;27,466666666666665;83,375;1,1708333333333334;Manaus
2023-05-24;0,0;1003,4375;249,44583333333333;26,620833333333334;27,037499999999998;26,22083333333333;86,70833333333333;0,7875;Manaus
2023-05-25;0,14166666666666666;1003,25;554,3916666666667;27,962500000000002;28,55;27,429166666666664;83,41666666666667;1,0625;Manaus
2023-05-26;0,0;1004,225;675,4833333333333;28,979166666666668;29,358333333333334;28,4875;74,66666666666667;1,8666666666666665;Manaus
2023-05-27;0,0;1005,1291666666666;665,8416666666667;29,6125;30,037499999999998;29,0125;72,33333333333333;1,5458333333333334;Manaus
2023-05-28;0,0;1005,2624999999999;565,3541666666666;29,787499999999998;30,366666666666664;29,337500000000002;69,5;1,5833333333333333;Manaus
2023-05-29;0,03333333333333333;1004,725;363,7083333333333;28,379166666666666;29,066666666666666;27,829166666666666;75,875;0,9916666666666667;Manaus
2023-05-30;0,016666666666666666;1005,4583333333334;613,6;28,1125;28,645833333333332;27,516666666666666;74,95833333333333;1,4791666666666667;Manaus
2023-05-31;0,016666666666666666;1006,4499999999999;467,92916666666673;28,337500000000002;28,825;27,816666666666666;76,66666666666667;1,7375;Manaus
2023-06-01;0,0;1006,4499999999999;624,1958333333333;28,958333333333332;29,412499999999998;28,479166666666668;;1,6833333333333333;Manaus
2023-06-02;0,0;1005,4291666666667;591,85;29,183333333333334;29,670833333333334;28,670833333333334;72,95833333333333;1,325;Manaus
2023-06-03;0,6;1005,2583333333333;339,77500000000003;27,8;28,425;27,266666666666666;80,54166666666667;0,9333333333333335;Manaus
2023-06-04;0,15;1006,4291666666667;438,58750000000003;27,337500000000002;27,90833333333333;26,945833333333336;81,04166666666667;1,2375;Manaus
2023-06-05;0,0;1006,4375;398,49583333333334;27,691666666666666;28,254166666666666;27,3125;81,70833333333333;1,1875;Manaus
2023-06-06;0,0;1006,3125;362,6041666666667;28,133333333333336;28,59583333333333;27,679166666666664;80,25;1,0374999999999999;Manaus
2023-06-07;0,0;1006,3791666666666;431,5083333333334;28,441666666666666;29,004166666666666;27,90416666666667;75,25;1,2583333333333333;Manaus
2023-06-08;0,008333333333333333;1006,9958333333334;542,0125;28,46666666666667;29,016666666666666;27,9875;76,95833333333333;1,3666666666666665;Manaus
2023-06-09;0,0;1006,6333333333333;492,21250000000003;28,483333333333334;29,099999999999998;28,0;77,70833333333333;1,2249999999999999;Manaus
2023-06-10;0,0;1006,0625;464,9166666666667;28,6125;29,141666666666666;28,141666666666666;78,0;1,2208333333333334;Manaus
2023-06-11;0,0;1006,0333333333333;516,7625;28,254166666666666;28,8625;27,650000000000002;78,41666666666667;1,1375;Manaus
2023-06-12;0,0;1005,6708333333332;571,1083333333333;28,74166666666667;29,287499999999998;28,21666666666667;75,16666666666667;1,3583333333333334;Manaus
2023-06-13;0,0;1005,4458333333333;515,6;29,358333333333334;;28,870833333333334;71,95833333333333;1,8208333333333335;Manaus
2023-06-14;0,016666666666666666;1006,1125000000001;314,3541666666667;27,495833333333334;27,97083333333333;27,09166666666667;79,20833333333333;1,3791666666666667;Manaus
2023-06-15;0,10000000000000002;1008,5333333333333;187,88333333333333;22,395833333333332;22,808333333333334;22,145833333333332;87,33333333333333;1,9791666666666667;Manaus
2023-06-16;0,0;1009,6833333333334;207,07500000000002;22,495833333333334;22,770833333333332;22,2375;83,95833333333333;1,5583333333333333;Manaus
2023-06-17;0,0;1009,4041666666667;321,1166666666667;24,925;25,183333333333334;24,354166666666668;84,20833333333333;0,8583333333333334;Manaus
2023-06-18;1,1333333333333333;1008,7416666666667;342,94166666666666;25,383333333333336;25,770833333333332;25,004166666666666;85,33333333333333;0,8583333333333334;Manaus
2023-06-19;0,008333333333333333;1008,4666666666667;421,575;27,125;27,604166666666668;26,650000000000002;80,45833333333333;0,8958333333333334;Manaus
2023-06-20;0,0;1007,625;459,28749999999997;27,183333333333334;27,766666666666666;26,7375;81,08333333333333;1,0833333333333333;Manaus
2023-06-21;0,0;1005,9875000000001;550,4208333333333;28,175;28,695833333333336;27,620833333333334;78,375;1,0708333333333333;Manaus
2023-06-22;0,0;;444,19583333333327;29,204166666666666;29,675;28,641666666666666;72,33333333333333;1,625;Manaus
2023-06-23;0,0;1005,1416666666668;569,9333333333333;;29,954166666666666;29,070833333333336;70,125;2,0458333333333334;Manaus
2023-06-24;0,0;1005,4041666666667;597,85;29,741666666666664;30,2375;29,354166666666668;68,08333333333333;1,9958333333333333;Manaus
2023-06-25;0,0;1005,5124999999999;581,9041666666667;29,979166666666668;30,391666666666666;29,558333333333334;66,125;2,066666666666667;Manaus
2023-06-26;0,0;1005,3416666666667;582,6541666666666;30,045833333333334;30,4875;29,587500000000002;63,875;1,8041666666666665;Manaus
2023-06-27;0,0;1005,35;605,8916666666667;30,041666666666668;30,595833333333335;29,554166666666664;64,54166666666667;1,8208333333333335;Manaus
2023-06-28;0,0;1005,9291666666667;538,2833333333333;29,683333333333334;30,224999999999998;29,224999999999998;66,16666666666667;1,825;Manaus
2023-06-29;0,0;1006,6541666666667;586,25;29,825;30,27916666666667;29,3125;63,666666666666664;1,4833333333333334;Manaus
2023-06-30;0,0;1006,65;586,9583333333334;29,650000000000002;30,366666666666664;29,15416666666667;63,416666666666664;1,1416666666666668;Manaus
2023-07-01;0,0;1006,2833333333333;391,24583333333334;29,754166666666666;30,291666666666668;29,27916666666667;66,20833333333333;1,1375;Manaus
2023-07-02;1,3416666666666668;1005,6125000000001;414,65416666666664;26,995833333333334;27,704166666666666;26,5;82,70833333333333;0,9624999999999999;Manaus
2023-07-03;0,15;1005,7624999999999;335,98333333333335;27,037499999999998;27,400000000000002;26,599999999999998;83,625;0,8833333333333333;Manaus
2023-07-04;0,39999999999999997;1006,3416666666667;428,6666666666667;27,71666666666667;28,254166666666666;;80,375;1,075;Manaus
2023-07-05;0,0;1006,475;396,2791666666667;28,3;29,025000000000002;27,820833333333336;77,33333333333333;1,075;Manaus
2023-07-06;0,0;1005,6208333333334;568,1916666666667;28,941666666666666;29,40416666666667;28,433333333333334;74,0;1,5;
2023-07-07;0,0;1005,1208333333334;563,2208333333333;28,537499999999998;29,020833333333332;28,120833333333334;72,66666666666667;2,1875;Manaus
2023-07-08;0,0;1005,6333333333333;418,8875;28,775000000000002;29,2375;28,270833333333332;69,83333333333333;1,6375;Manaus
2023-07-09;0,0;1006,1958333333333;456,9666666666667;28,575;29,133333333333336;28,054166666666664;73,0;1,4041666666666668;Manaus
2023-07-10;0,05833333333333333;1005,7875;608,35;28,383333333333336;29,066666666666666;27,6375;74,08333333333333;1,1624999999999999;Manaus
2023-07-11;0,0;1005,3333333333334;626,6958333333333;29,504166666666666;29,920833333333334;29,0;67,16666666666667;2,0166666666666666;Manaus
2023-07-12;0,0;1004,3958333333334;619,5041666666667;29,433333333333334;30,054166666666664;28,9375;66,95833333333333;1,6041666666666667;Manaus
2023-07-13;0,0;1004,0;640,2583333333333;29,78333333333333;30,341666666666665;29,116666666666664;62,791666666666664;1,3583333333333334;Manaus
2023-07-14;0,6083333333333333;1003,8874999999999;518,7083333333334;29,316666666666666;29,945833333333336;28,733333333333334;70,75;1,6666666666666667;Manaus
2023-07-15;0,0;1004,2458333333334;502,4166666666667;29,40833333333333;29,875;28,9875;72,66666666666667;1,4833333333333334;Manaus
2023-07-16;0,0;1005,2333333333332;561,3458333333333;29,570833333333336;30,02916666666667;29,21666666666667;;1,7083333333333333;Manaus
2023-07-17;0,0;1006,3541666666666;629,1583333333333;29,833333333333332;30,316666666666666;29,400000000000002;66,95833333333333;1,8791666666666667;Manaus
2023-07-18;0,0;1007,6625;612,0500000000001;29,837500000000002;30,308333333333334;29,316666666666666;67,375;1,825;Manaus
2023-07-19;0,0;1009,1458333333334;555,9416666666667;29,795833333333334;30,275000000000002;29,291666666666668;65,375;1,8916666666666666;Manaus
2023-07-20;0,0;1008,7333333333332;641,6958333333333;30,4375;30,90416666666667;29,8625;62,125;1,675;Manaus
2023-07-21;0,0;1007,1833333333334;594,0833333333334;30,370833333333334;30,920833333333334;29,837500000000002;63,75;1,3499999999999999;Manaus
2023-07-22;0,35000000000000003;1007,2666666666668;469,4583333333333;28,191666666666666;28,837500000000002;27,675;71,08333333333333;2,025;Manaus
2023-07-23;0,0;1007,9666666666667;659,0708333333333;29,349999999999998;29,804166666666664;28,808333333333334;62,208333333333336;1,8708333333333333;Manaus
2023-07-24;0,0;1008,0583333333334;620,1041666666666;30,037499999999998;30,558333333333334;29,604166666666668;62,541666666666664;1,6291666666666667;Manaus
2023-07-25;0,0;1006,35;648,6416666666667;30,195833333333336;30,879166666666666;29,6375;60,125;1,4875;Manaus
2023-07-26;0,0;1005,0416666666666;649,0708333333333;30,47083333333333;31,116666666666664;29,8875;56,5;1,6041666666666667;Manaus
2023-07-27;0,0;1005,7833333333333;639,8791666666667;30,625;31,2375;30,079166666666666;59,666666666666664;1,7208333333333332;Manaus
2023-07-28;0,0;1006,5208333333334;634,7291666666666;30,90416666666667;31,400000000000002;30,34583333333333;62,041666666666664;1,6666666666666667;Manaus
2023-07-29;0,0;1007,2083333333334;649,1;31,204166666666666;31,754166666666666;30,420833333333334;60,5;1,2874999999999999;Manaus
2023-07-30;0,0;1006,8291666666668;612,725;30,679166666666664;31,27916666666667;30,125;60,875;1,7208333333333332;Manaus
2023-07-31;0,0;1007,9666666666667;648,6416666666667;30,266666666666666;30,704166666666666;29,7375;65,25;1,5583333333333333;Manaus
2023-08-01;0,0;1007,8208333333333;633,1166666666667;30,575000000000003;31,133333333333336;29,912499999999998;66,83333333333333;1,3416666666666668;Manaus
2023-08-02;0,7166666666666667;1007,7458333333334;363,5416666666667;28,233333333333334;29,175;27,575;76,875;0,9208333333333333;Manaus
2023-08-03;0,03333333333333333;1007,6374999999999;495,64166666666665;27,349999999999998;28,0625;26,8125;79,16666666666667;1,1833333333333333;Manaus
2023-08-04;;1007,375;504,05;27,958333333333332;28,599999999999998;27,308333333333334;77,875;0,8958333333333334;Manaus
2023-08-05;;1006,9625;605,5958333333333;29,666666666666668;30,358333333333334;29,083333333333332;70,25;1,0291666666666666;Manaus
2023-08-06;0,0;1006,6833333333334;669,2833333333334;30,02916666666667;30,691666666666666;29,504166666666666;69,375;1,2125000000000001;Manaus
2023-08-07;0,0;1007,0625;704,6958333333333;30,420833333333334;30,95;29,8125;65,16666666666667;1,7583333333333335;Manaus
2023-08-08;0,0;1007,3041666666667;719,1041666666666;31,008333333333336;31,608333333333334;30,59583333333333;61,041666666666664;1,8291666666666666;Manaus
2023-08-09;0,0;1006,1791666666667;581,9125;30,983333333333334;31,59166666666667;30,383333333333336;60,541666666666664;1,3875;Manaus
2023-08-10;0,0;1005,8249999999999;470,94166666666666;29,65416666666667;30,295833333333334;29,025000000000002;67,91666666666667;1,8041666666666665;Manaus
2023-08-11;0,0;1005,75;538,7708333333334;30,145833333333332;30,650000000000002;29,616666666666664;65,875;1,7750000000000001;Manaus
2023-08-12;0,0;1005,1208333333334;710,8333333333334;31,075;31,59166666666667;30,55;60,875;1,8791666666666667;Manaus
2023-08-13;0,0;1004,6;628,65;30,7;31,462500000000002;30,108333333333334;64,20833333333333;1,3583333333333334;Manaus
2023-08-14;0,0;1004,9458333333333;679,8583333333333;28,412499999999998;29,116666666666664;;72,33333333333333;1,5999999999999999;Manaus
2023-08-15;0,0;1004,7291666666666;546,05;28,625;29,1875;27,95;72,70833333333333;1,2083333333333333;Manaus
2023-08-16;0,0;1004,3541666666666;578,1041666666666;29,804166666666664;30,525000000000002;;71,75;1,3833333333333335;Manaus
2023-08-17;0,0;1004,4791666666666;502,26666666666665;29,395833333333332;30,075;28,745833333333334;69,79166666666667;1,2375;Manaus
2023-08-18;0,0;1002,725;663,2333333333333;;31,329166666666666;30,058333333333334;63,958333333333336;1,3875;
2023-08-19;0,0;1001,6625;661,5916666666667;31,5625;32,125;30,92916666666667;59,833333333333336;1,5708333333333335;Manaus
2023-08-20;0,0;1000,8874999999999;790,3249999999999;31,787499999999998;32,25;31,241666666666664;58,583333333333336;1,9083333333333332;Manaus
2023-08-21;0,0;1001,5;725,9958333333334;31,954166666666666;32,49583333333333;31,429166666666664;53,125;2,3208333333333333;Manaus
2023-08-22;0,0;1001,6708333333332;817,8375;31,77916666666667;32,362500000000004;31,370833333333334;52,833333333333336;2,2416666666666667;Manaus
2023-08-23;0,0;1001,9083333333333;677,025;32,204166666666666;32,645833333333336;31,645833333333332;56,541666666666664;2,0500000000000003;Manaus
2023-08-24;0,0;1003,4499999999999;737,7708333333334;31,420833333333334;32,041666666666664;30,962500000000002;57,416666666666664;2,158333333333333;Manaus
2023-08-25;0,0;1004,1666666666666;747,775;31,891666666666666;32,583333333333336;31,291666666666668;55,125;1,8041666666666665;Manaus
2023-08-26;0,0;1004,125;647,125;32,1875;32,862500000000004;31,483333333333334;53,833333333333336;1,5666666666666667;Manaus
2023-08-27;0,0;1005,0708333333333;828,9291666666667;30,354166666666668;30,925;29,84166666666667;62,041666666666664;1,7833333333333332;Manaus
2023-08-28;0,0;1005,4708333333333;818,5583333333333;31,47083333333333;32,18333333333333;30,741666666666664;62,5;1,6833333333333333;Manaus
2023-08-29;0,0;;896,3125;31,775000000000002;32,420833333333334;31,204166666666666;58,791666666666664;1,8375000000000001;Manaus
2023-08-30;0,0;1005,6041666666666;720,6833333333334;31,754166666666666;32,608333333333334;31,245833333333334;57,5;1,425;Manaus
2023-08-31;0,0;1005,7208333333333;682,2666666666667;30,304166666666664;30,77916666666667;29,691666666666666;64,79166666666667;1,5291666666666668;Manaus
2023-09-01;0,0;1004,8833333333333;788,7375000000001;31,683333333333334;32,275;31,166666666666668;62,0;1,6375;Manaus
2023-09-02;0,0;1003,9041666666667;750,7624999999999;32,362500000000004;33,025;31,854166666666668;55,083333333333336;2,2416666666666667;Manaus
2023-09-03;0,0;1003,8708333333334;879,0791666666668;31,974999999999998;32,520833333333336;31,4875;51,416666666666664;2,3291666666666666;Manaus
2023-09-04;0,0;1005,1458333333334;824,1208333333334;31,895833333333332;32,483333333333334;31,354166666666668;47,666666666666664;2,3249999999999997;Manaus
2023-09-05;0,0;963,5875;888,4499999999999;30,770833333333332;31,441666666666666;30,179166666666664;45,625;1,7583333333333335;Manaus
2023-09-06;0,0;1004,9833333333332;895,65;31,837500000000002;32,40416666666667;31,129166666666666;53,458333333333336;1,4083333333333332;Manaus
2023-09-07;0,0;1003,8791666666666;420,04583333333335;30,0125;30,895833333333332;29,204166666666666;65,83333333333333;0,7125;Manaus
2023-09-08;0,0;1003,65;753,0166666666668;31,02916666666667;31,525000000000002;30,416666666666668;64,125;1,7;Manaus
2023-09-09;0,0;1004,0041666666666;919,5500000000001;32,30416666666667;32,80416666666667;31,837500000000002;54,291666666666664;2,225;Manaus
2023-09-10;0,0;1003,5708333333333;895,875;32,78333333333333;33,354166666666664;32,32083333333333;52,916666666666664;2,3333333333333335;Manaus
2023-09-11;0,4833333333333334;1003,7375000000001;375,18333333333334;30,037499999999998;30,775000000000002;29,433333333333334;67,75;1,2541666666666667;Manaus
2023-09-12;0,0;1004,7125;692,4166666666666;29,15833333333333;29,925;28,358333333333334;71,41666666666667;1,1958333333333333;Manaus
2023-09-13;0,0;1004,1708333333332;736,0;30,691666666666666;31,429166666666664;30,041666666666668;59,708333333333336;1,5083333333333335;Manaus
2023-09-14;0,0;1004,5708333333333;911,7833333333333;31,729166666666668;32,30416666666667;31,141666666666666;56,833333333333336;1,5291666666666668;Manaus
2023-09-15;0,0;1003,7375000000001;842,6833333333334;31,795833333333334;32,395833333333336;31,22083333333333;;1,5;
2023-09-16;0,23333333333333336;1004,4125;235,15;27,866666666666664;28,508333333333336;27,495833333333334;73,45833333333333;1,5333333333333332;Manaus
2023-09-17;0,0;1004,9;507,89166666666665;27,933333333333334;28,483333333333334;27,3875;77,04166666666667;0,9833333333333334;Manaus
2023-09-18;0,0;1004,525;863,4583333333334;30,704166666666666;31,28333333333333;30,15416666666667;63,583333333333336;1,5999999999999999;Manaus
2023-09-19;0,0;1003,5749999999999;753,4416666666666;31,608333333333334;32,25833333333333;31,070833333333336;56,416666666666664;1,5;Manaus
2023-09-20;0,7333333333333334;1003,8166666666666;355,31666666666666;29,295833333333334;30,02916666666667;28,587500000000002;67,91666666666667;1,0416666666666667;Manaus
2023-09-21;0,0;1004,4250000000001;705,0416666666666;27,78333333333333;28,433333333333334;27,2375;75,33333333333333;1,4458333333333335;Manaus
2023-09-22;0,0;1003,7125;687,4625000000001;29,0;29,72083333333333;28,349999999999998;67,29166666666667;1,4000000000000001;Manaus
2023-09-23;0,0;1004,2958333333332;824,7666666666668;29,38333333333333;29,791666666666668;28,775000000000002;68,625;1,6166666666666665;Manaus
2023-09-24;0,0;1003,8583333333332;669,6416666666667;30,287499999999998;31,054166666666664;29,65416666666667;67,54166666666667;1,0333333333333334;Manaus
2023-09-25;0,0;1004,025;733,4125;30,425;31,141666666666666;29,804166666666664;65,5;0,9249999999999999;Manaus
2023-09-26;0,3333333333333333;1003,1958333333333;756,9499999999999;30,9875;31,9375;30,195833333333336;67,625;0,9291666666666667;Manaus
2023-09-27;0,0;1002,0041666666666;679,8708333333333;32,208333333333336;32,99166666666667;31,579166666666666;62,0;0,8250000000000001;Manaus
2023-09-28;0,0;918,6541666666667;400,55833333333334;27,962500000000002;28,7375;27,412499999999998;61,375;1,2791666666666666;Manaus
2023-09-29;0,0;960,6083333333332;867,1625;29,208333333333332;29,516666666666666;28,570833333333336;67,58333333333333;1,6083333333333334;Manaus
2023-09-30;0,0;961,1333333333333;912,7666666666668;31,291666666666668;31,84583333333333;30,820833333333336;56,083333333333336;2,0458333333333334;Manaus
2023-10-01;0,0;1002,6833333333334;771,8166666666666;33,2875;33,987500000000004;32,55833333333333;;1,2249999999999999;Manaus
2023-10-02;0,0;1001,4583333333334;716,1083333333335;32,34583333333333;33,108333333333334;31,629166666666666;62,041666666666664;0,9291666666666667;Manaus
2023-10-03;0,0;875,875;913,1416666666668;28,504166666666666;28,991666666666664;27,9875;47,708333333333336;1,9375;Manaus
2023-10-04;0,0;1001,3208333333333;821,2208333333333;33,02916666666667;33,65416666666667;32,52916666666667;52,125;2,15;Manaus
2023-10-05;0,0;1002,1041666666666;630,8458333333334;32,762499999999996;33,5625;32,170833333333334;55,333333333333336;1,2041666666666666;Manaus
2023-10-06;0,0;1003,025;869,9583333333334;32,63333333333333;33,3375;31,933333333333334;54,916666666666664;1,4625000000000001;Manaus
2023-10-07;0,0;1004,4333333333334;961,7958333333332;31,366666666666664;31,933333333333334;30,712500000000002;58,75;1,55;Manaus
2023-10-08;0,0;1003,35;896,6416666666668;33,53333333333333;34,204166666666666;33,108333333333334;46,583333333333336;2,183333333333333;Manaus
2023-10-09;0,0;1003,1750000000001;874,0374999999999;33,458333333333336;34,06666666666667;33,00833333333333;48,875;2,1999999999999997;Manaus
2023-10-10;0,0;1003,3249999999999;876,1583333333333;33,641666666666666;34,37083333333333;33,204166666666666;49,291666666666664;2,0166666666666666;Manaus
2023-10-11;0,0;1002,7583333333333;656,3666666666667;32,74166666666667;33,483333333333334;32,15833333333333;54,041666666666664;1,0625;Manaus
2023-10-12;0,016666666666666666;1002,6;498,4083333333333;32,32083333333333;33,166666666666664;31,770833333333332;60,416666666666664;0,9416666666666668;Manaus
2023-10-13;0,0;961,6;777,5333333333333;30,03333333333333;30,520833333333332;29,52916666666667;59,458333333333336;1,6624999999999999;Manaus
2023-10-14;0,7916666666666666;962,6999999999999;284,43333333333334;27,429166666666664;28,133333333333336;27,0125;68,16666666666667;1,0833333333333333;Manaus
2023-10-15;0,05833333333333333;921,2333333333332;429,61666666666673;24,650000000000002;25,275000000000002;24,120833333333334;74,91666666666667;1,2125000000000001;Manaus
2023-10-16;1,2249999999999999;1005,4;295,55833333333334;26,09583333333333;26,400000000000002;25,712500000000002;83,95833333333333;0,9958333333333335;Manaus
2023-10-17;0,0;962,6833333333334;784,1583333333333;27,34166666666667;27,954166666666666;26,616666666666664;73,41666666666667;0,9958333333333332;Manaus
2023-10-18;0,9583333333333334;962,6625;411,69166666666666;25,070833333333336;25,795833333333334;24,425;74,66666666666667;1,0083333333333333;Manaus
2023-10-19;0,0;1004,1708333333332;860,6208333333334;27,9375;28,40416666666667;27,204166666666666;73,20833333333333;1,1208333333333333;
2023-10-20;0,0;1003,2125;849,0791666666668;30,420833333333334;31,0;29,837500000000002;65,125;1,5041666666666667;Manaus
2023-10-21;0,0;1002,7375000000001;810,5291666666667;31,258333333333336;31,854166666666668;30,724999999999998;64,70833333333333;1,1583333333333334;Manaus
2023-10-22;0,6999999999999998;1003,4875000000001;311,81666666666666;27,625;28,433333333333334;27,266666666666666;80,375;1,0333333333333334;Manaus
2023-10-23;0,008333333333333333;1004,9250000000001;452,2208333333333;26,795833333333334;27,087500000000002;26,308333333333334;79,5;1,0041666666666667;Manaus
2023-10-24;0,0;1003,9791666666666;553,8083333333333;28,9375;29,370833333333334;28,495833333333334;76,41666666666667;1,1083333333333334;Manaus
2023-10-25;0,0;1001,8208333333333;793,1125000000001;30,7;31,46666666666667;29,954166666666666;66,875;1,1375;Manaus
2023-10-26;0,0;958,8249999999999;676,9958333333333;29,454166666666666;29,9375;28,954166666666666;65,25;1,5999999999999999;Manaus
2023-10-27;0,0;958,7416666666667;846,7083333333334;30,391666666666666;30,925;29,820833333333336;58,25;1,3499999999999999;Manaus
2023-10-28;0,0;1000,15;836,8666666666667;32,625;33,31666666666667;31,933333333333334;48,416666666666664;1,5250000000000001;Manaus
2023-10-29;0,0;1000,3708333333334;748,7958333333332;32,50416666666667;33,170833333333334;31,962500000000002;50,0;1,5999999999999999;Manaus
2023-10-30;0,0;960,125;452,68333333333334;29,958333333333332;30,65833333333333;29,462500000000002;56,458333333333336;1,0291666666666666;Manaus
2023-10-31;0,0;960,2875;649,6916666666667;;28,875;28,175;63,25;1,8416666666666668;Manaus
2023-11-01;0,0;1000,9;842,9;32,77916666666667;33,30416666666667;32,145833333333336;53,083333333333336;1,5791666666666666;Manaus
2023-11-02;0,0;959,5291666666667;720,5666666666666;30,412499999999998;31,020833333333332;29,75;58,708333333333336;1,2541666666666667;Manaus
2023-11-03;0,0;1001,0333333333333;;32,358333333333334;32,925000000000004;31,879166666666666;60,875;1,2583333333333333;Manaus
2023-11-04;0,0;1001,5458333333332;557,4333333333333;31,775000000000002;32,31666666666667;31,304166666666664;63,541666666666664;1,4541666666666666;Manaus
2023-11-05;0,0;1001,9291666666667;609,0958333333333;29,400000000000002;30,254166666666666;28,900000000000002;73,54166666666667;1,3499999999999999;Manaus
2023-11-06;0,0;1002,5166666666668;597,2541666666667;28,95;29,46666666666667;28,241666666666664;70,625;1,2291666666666667;Manaus
2023-11-07;1,825;963,0083333333333;232,15;24,479166666666668;24,883333333333336;24,21666666666667;83,375;1,5;Manaus
2023-11-08;0,15833333333333333;1004,6666666666666;569,9541666666667;27,275000000000002;28,041666666666668;26,579166666666666;83,41666666666667;0,9291666666666667;Manaus
2023-11-09;0,0;1003,1791666666667;1005,1583333333333;30,304166666666664;30,770833333333332;29,691666666666666;68,16666666666667;1,3541666666666667;Manaus
2023-11-10;0,0;1002,1791666666667;850,7041666666668;31,537499999999998;32,0625;30,979166666666668;59,208333333333336;1,5041666666666667;Manaus
2023-11-11;0,0;1001,6333333333333;834,5500000000001;31,849999999999998;32,354166666666664;31,416666666666668;63,541666666666664;1,9166666666666667;Manaus
2023-11-12;;1001,5833333333334;832,8375;31,9875;32,4125;31,516666666666666;60,25;1,9708333333333332;Manaus
2023-11-13;0,0;1001,8000000000001;706,125;31,96666666666667;32,49166666666667;31,433333333333334;60,25;1,7666666666666666;
2023-11-14;0,0;1001,3541666666666;867,35;32,074999999999996;32,708333333333336;31,570833333333336;56,833333333333336;1,6666666666666667;Manaus
2023-11-15;0,0;1001,4833333333332;869,7708333333334;32,7125;33,354166666666664;32,06666666666667;52,375;1,4666666666666668;Manaus
2023-11-16;0,0;918,1666666666666;735,7458333333334;29,84583333333333;30,53333333333333;29,304166666666664;49,541666666666664;0,8333333333333334;Manaus
2023-11-17;0,024999999999999998;1001,7458333333334;583,8208333333333;;32,625;30,879166666666666;60,375;0,8041666666666667;Manaus
2023-11-18;0,0;960,4916666666667;658,9416666666667;29,704166666666666;30,366666666666664;29,133333333333336;64,95833333333333;1,1875;Manaus
2023-11-19;0,0;960,9499999999999;641,0083333333333;30,425;31,120833333333334;29,933333333333334;59,791666666666664;;Manaus
2023-11-20;0,16666666666666666;1002,0958333333333;482,7916666666667;30,2;31,0125;29,7625;68,45833333333333;1,4166666666666667;Manaus
2023-11-21;0,0;1001,8416666666667;639,6458333333334;29,204166666666666;29,604166666666668;28,695833333333336;71,66666666666667;1,3833333333333335;Manaus
2023-11-22;0,016666666666666666;1001,8083333333334;328,675;28,083333333333332;28,616666666666664;27,75;78,66666666666667;;Manaus
2023-11-23;2,0416666666666665;1003,9666666666667;70,20416666666667;25,8625;26,141666666666666;25,6375;88,0;1,2375;Manaus
2023-11-24;0,0;962,9791666666666;766,8583333333332;26,625;26,958333333333332;26,141666666666666;77,45833333333333;1,554166666666667;Manaus
2023-11-25;0,2916666666666667;1003,9958333333334;714,3041666666667;28,462500000000002;29,3625;;73,79166666666667;1,1500000000000001;Manaus
2023-11-26;0,7333333333333333;1004,9958333333334;252,42916666666667;25,104166666666668;25,47083333333333;24,78333333333333;89,29166666666667;1,0166666666666666;Manaus
2023-11-27;0,17500000000000002;1005,6374999999999;325,25416666666666;25,541666666666668;26,116666666666664;25,020833333333332;85,75;1,1458333333333333;Manaus
2023-11-28;0,0;1004,9083333333333;899,5416666666666;27,84583333333333;28,4875;27,22083333333333;75,91666666666667;1,4458333333333335;Manaus
2023-11-29;0,18333333333333335;961,1833333333334;499,04583333333335;27,558333333333334;28,15833333333333;26,925;71,70833333333333;1,1791666666666667;Manaus
2023-11-30;0,0;961,0708333333333;842,0749999999999;28,787499999999998;29,204166666666666;28,2;65,875;1,4916666666666665;Manaus
2023-12-01;0,0;1003,6416666666668;589,4625;30,070833333333336;30,729166666666668;29,454166666666666;67,5;1,0083333333333333;Manaus
2023-12-02;0,0;961,7375000000001;326,1041666666667;27,212500000000002;27,7625;26,849999999999998;73,16666666666667;0,8875000000000001;Manaus
2023-12-03;1,05;962,0583333333334;204,4416666666667;25,104166666666668;25,53333333333333;24,791666666666668;83,875;1,2;Manaus
2023-12-04;0,0;962,1291666666666;533,6416666666667;26,40833333333333;26,72083333333333;25,974999999999998;77,75;1,5791666666666666;Manaus
2023-12-05;0,21666666666666667;962,3791666666666;726,9375;27,349999999999998;27,808333333333334;26,8;74,0;1,925;Manaus
2023-12-06;0,0;961,0041666666666;931,9499999999999;28,21666666666667;28,59583333333333;27,599999999999998;66,45833333333333;1,4458333333333335;Manaus
2023-12-07;1,1583333333333334;1003,0500000000001;340,34999999999997;27,679166666666664;28,458333333333332;27,224999999999998;79,66666666666667;0,9208333333333334;Manaus
2023-12-08;0,008333333333333333;1004,5708333333333;513,5708333333333;27,116666666666664;27,47083333333333;26,504166666666666;;0,875;Manaus
2023-12-09;0,2833333333333333;1004,3708333333334;324,9625;26,833333333333332;27,400000000000002;26,358333333333334;83,125;1,1625;Manaus
2023-12-10;0,09166666666666667;1002,6458333333334;601,3791666666667;27,912499999999998;28,479166666666668;27,204166666666666;82,375;0,725;Manaus
2023-12-11;0,10000000000000002;1002,0625;369,9666666666667;27,40833333333333;28,083333333333332;26,90833333333333;83,54166666666667;1,0375;Manaus
2023-12-12;0,0;919,4791666666666;669,1374999999999;25,304166666666664;25,7;24,879166666666666;75,625;1,4208333333333334;Manaus
2023-12-13;0,0;959,7958333333332;847,8916666666668;28,166666666666668;28,6875;27,724999999999998;72,91666666666667;1,3875;Manaus
2023-12-14;0,0;916,4458333333333;485,85833333333335;27,133333333333336;27,78333333333333;26,566666666666666;68,66666666666667;1,1583333333333334;Manaus
2023-12-15;0,575;1000,9958333333334;273,4458333333333;26,854166666666668;27,258333333333336;26,55;86,70833333333333;1,1541666666666666;Manaus
2023-12-16;1,508333333333333;918,9208333333332;204,17083333333335;23,883333333333336;24,224999999999998;23,6375;83,5;0,7083333333333334;Manaus
2023-12-17;2,0333333333333337;1002,9875000000001;234,15;25,8625;26,3;25,5;91,58333333333333;1,0208333333333333;Manaus
2023-12-18;0,041666666666666664;1002,2083333333334;674,6583333333333;27,804166666666664;28,525000000000002;27,099999999999998;83,875;0,6583333333333333;Manaus
2023-12-19;0,5499999999999999;1001,0541666666667;709,0958333333333;29,52916666666667;30,291666666666668;29,070833333333336;78,375;0,8416666666666667;Manaus
2023-12-20;0,17500000000000002;;591,9166666666666;27,4875;27,8875;27,008333333333336;82,75;1,6541666666666668;Manaus
2023-12-21;0,225;1002,5666666666666;689,1;27,412499999999998;27,9875;26,766666666666666;81,5;1,4541666666666666;Manaus
2023-12-22;0,075;1004,1916666666666;199,85;26,75;27,150000000000002;26,454166666666666;87,0;0,9916666666666667;Manaus
2023-12-23;0,5;1004,35;495,41249999999997;26,95;27,4375;26,420833333333334;85,70833333333333;0,9583333333333334;Manaus
2023-12-24;0,0;1003,9791666666666;733,1458333333334;28,641666666666666;29,054166666666664;28,15416666666667;78,33333333333333;1,3041666666666667;Manaus
2023-12-25;1,9916666666666665;963,1583333333333;229,20000000000002;25,425;25,920833333333334;25,075;81,58333333333333;1,1833333333333333;Manaus
2023-12-26;0,0;921,4708333333333;402,6166666666666;25,445833333333336;25,745833333333334;25,054166666666664;75,375;0,8833333333333333;Manaus
2023-12-27;0,08333333333333333;921,1166666666667;378,63333333333327;25,349999999999998;25,775000000000002;24,945833333333336;76,0;1,1708333333333334;Manaus
2023-12-28;0,3499999999999999;1004,3958333333334;429,3958333333333;27,395833333333332;28,0125;26,9375;83,58333333333333;1,1916666666666667;Manaus
2023-12-29;1,4916666666666665;879,5625;293,425;23,083333333333332;23,691666666666666;22,662499999999998;76,875;0,7208333333333333;Manaus
2023-12-30;0,325;922,3916666666668;331,2916666666667;23,77916666666667;24,087500000000002;23,5;82,75;1,125;Manaus
2023-12-31;0,5416666666666666;922,0625;582,35;24,22083333333333;24,837500000000002;23,6125;78,58333333333333;0,9375;Manaus
