DataHora,"PRECIPITAÇÃO TOTAL, HORÁRIO (mm)","PRESSAO ATMOSFERICA AO NIVEL DA ESTACAO, HORARIA (mB)",RADIACAO GLOBAL (Kj/m²),"TEMPERATURA DO AR - BULBO SECO, HORARIA (°C)","UMIDADE RELATIVA DO AR, HORARIA (%)","VENTO, RAJADA MAXIMA (m/s)","VENTO, VELOCIDADE HORARIA (m/s)"
2023-01-01,0.016666666666666666,948.7624999999999,956.8874999999999,23.025000000000002,81.54166666666667,3.4,0.6041666666666666
2023-01-02,0.0,946.6583333333333,1165.5833333333333,23.925,73.41666666666667,5.066666666666666,1.0083333333333333
2023-01-03,0.0,944.6041666666666,796.3708333333334,23.608333333333334,75.58333333333333,4.883333333333334,1.5083333333333335
2023-01-04,0.016666666666666666,904.1791666666667,640.4916666666667,23.133333333333336,76.45833333333333,3.9958333333333336,0.8166666666666668
2023-01-05,0.875,906.525,299.0625,19.004166666666666,94.95833333333333,4.5874999999999995,1.2958333333333332
2023-01-06,0.3416666666666666,910.1125000000001,376.1666666666667,17.941666666666666,95.08333333333333,4.6499999999999995,1.3458333333333332
2023-01-07,0.19166666666666665,912.1999999999999,394.98333333333335,17.508333333333333,91.79166666666667,2.5625,0.3458333333333334
2023-01-08,0.15,950.9708333333333,437.1666666666667,19.620833333333334,94.41666666666667,2.025,0.2916666666666667
2023-01-09,0.5,949.2624999999999,381.46250000000003,20.3125,99.375,1.5583333333333333,0.32916666666666666
2023-01-10,0.125,948.3166666666666,654.5666666666667,22.954166666666666,84.5,2.2708333333333335,0.4791666666666667
2023-01-11,0.14166666666666666,908.4625,535.3833333333333,22.15416666666667,85.25,3.0666666666666664,0.6541666666666667
2023-01-12,0.30833333333333335,906.4791666666666,726.5708333333333,22.675,76.0,4.220833333333333,1.0666666666666667
2023-01-13,0.08333333333333333,866.7083333333334,741.3083333333334,22.45,72.54166666666667,4.129166666666666,1.0416666666666667
2023-01-14,0.0,946.5833333333334,1104.6958333333334,25.287499999999998,75.41666666666667,5.245833333333334,1.9083333333333332
2023-01-15,0.0,948.0541666666667,1145.3916666666667,25.875,75.91666666666667,3.9875000000000003,0.9166666666666666
2023-01-16,0.19999999999999998,947.5708333333333,1108.5083333333334,25.291666666666668,80.75,3.7458333333333336,0.9874999999999999
2023-01-17,0.0,908.9291666666667,1109.2,24.808333333333334,71.0,3.3000000000000003,0.6
2023-01-18,0.0,949.8208333333333,992.6416666666668,24.375,80.125,4.5,0.975
2023-01-19,2.0916666666666663,949.5458333333332,847.0833333333334,22.420833333333334,88.41666666666667,4.325,0.7958333333333333
2023-01-20,0.06666666666666667,947.5041666666666,443.80833333333334,21.320833333333333,93.75,2.5458333333333334,0.4166666666666667
2023-01-21,0.8666666666666666,904.2791666666667,1010.8625000000001,21.787499999999998,82.04166666666667,3.970833333333333,1.1958333333333333
2023-01-22,0.008333333333333333,903.7875,1109.6666666666667,22.90416666666667,77.125,2.891666666666667,0.6124999999999999
2023-01-23,0.08333333333333333,904.6374999999999,970.7666666666668,23.787499999999998,74.75,4.1000000000000005,0.9333333333333332
2023-01-24,1.075,904.7375000000001,626.2791666666666,21.495833333333334,85.54166666666667,3.1374999999999997,0.6083333333333333
2023-01-25,0.025000000000000005,866.8083333333334,961.0916666666667,22.02916666666667,71.41666666666667,2.9333333333333336,0.5875
2023-01-26,0.0,947.0083333333333,1291.7791666666667,23.129166666666666,66.0,4.120833333333334,1.1458333333333333
2023-01-27,0.0,907.9083333333333,1118.0249999999999,22.650000000000002,71.54166666666667,4.520833333333333,1.4833333333333334
2023-01-28,0.024999999999999998,948.3916666666668,791.2791666666667,24.258333333333336,80.41666666666667,4.833333333333333,1.1458333333333333
2023-01-29,0.08333333333333333,908.0291666666667,1013.4583333333334,22.558333333333334,80.125,3.8333333333333335,0.9708333333333333
2023-01-30,0.26666666666666666,946.1291666666666,791.0958333333333,23.566666666666666,82.79166666666667,4.366666666666666,0.8875000000000001
2023-01-31,0.775,946.9791666666666,792.3874999999999,23.775000000000002,83.625,4.6375,1.0541666666666667
2023-02-01,0.375,948.0875,744.4124999999999,22.974999999999998,91.58333333333333,2.908333333333333,0.5708333333333333
2023-02-02,0.15,908.6083333333332,943.2083333333334,23.15416666666667,79.58333333333333,3.15,0.7374999999999999
2023-02-03,0.19166666666666668,947.4250000000001,616.8333333333334,23.46666666666667,87.83333333333333,2.9291666666666667,0.6208333333333333
2023-02-04,0.15,947.2166666666667,884.5291666666667,25.270833333333332,77.83333333333333,4.7124999999999995,1.0166666666666668
2023-02-05,0.27499999999999997,946.9291666666667,1257.4916666666666,25.8875,76.375,4.9125000000000005,1.7125000000000001
2023-02-06,0.6666666666666666,907.7041666666668,947.375,22.925,82.375,3.4,0.6875
2023-02-07,0.016666666666666666,947.9291666666667,652.1208333333333,22.791666666666668,91.29166666666667,2.9458333333333333,0.4291666666666667
2023-02-08,0.27499999999999997,868.8708333333334,478.9708333333333,20.525000000000002,87.375,2.5,0.39999999999999997
2023-02-09,0.008333333333333333,948.1541666666667,1024.7791666666667,23.458333333333332,83.25,3.591666666666667,0.6083333333333333
2023-02-10,0.19166666666666665,948.0833333333334,694.5625,23.558333333333334,84.91666666666667,4.770833333333333,0.9958333333333332
2023-02-11,1.2833333333333334,948.2208333333333,605.6166666666667,22.0125,91.04166666666667,2.8000000000000003,0.5875
2023-02-12,0.30833333333333335,908.0666666666666,596.975,21.295833333333334,88.41666666666667,3.2624999999999997,0.7000000000000001
2023-02-13,0.19999999999999998,947.1625,987.6166666666667,23.670833333333334,85.58333333333333,3.079166666666667,0.5
2023-02-14,0.008333333333333333,828.0416666666666,914.6083333333332,21.145833333333332,72.375,3.225,0.7166666666666667
2023-02-15,0.44999999999999996,944.4041666666667,1022.3791666666666,24.375,80.20833333333333,5.2625,1.0708333333333333
2023-02-16,0.016666666666666666,942.3541666666666,762.4166666666666,24.891666666666666,79.5,5.2875000000000005,2.0375
2023-02-17,0.0,943.225,923.5958333333333,26.545833333333334,68.54166666666667,4.566666666666666,1.5583333333333333
2023-02-18,0.11666666666666668,907.1541666666667,616.2624999999999,22.7625,83.29166666666667,4.1499999999999995,0.9249999999999999
2023-02-19,0.26666666666666666,950.225,633.8791666666667,22.349999999999998,88.0,5.7250000000000005,1.6125
2023-02-20,0.0,949.2166666666667,1131.2583333333334,24.40833333333333,78.33333333333333,4.041666666666667,1.1208333333333333
2023-02-21,0.7083333333333334,909.3958333333334,882.5583333333334,22.22083333333333,80.41666666666667,5.391666666666667,1.4124999999999999
2023-02-22,0.15833333333333335,911.5791666666668,851.6416666666668,21.429166666666664,84.08333333333333,2.9583333333333335,0.7125
2023-02-23,0.0,951.4,806.775,23.329166666666666,83.20833333333333,3.8125,1.0666666666666667
2023-02-24,0.024999999999999998,948.5166666666668,916.6125000000001,23.95,85.20833333333333,3.891666666666667,1.0458333333333332
2023-02-25,1.4833333333333334,946.9208333333332,888.7375000000001,24.795833333333334,82.625,4.6625000000000005,1.1458333333333333
2023-02-26,0.375,948.8249999999999,884.1875,24.704166666666666,82.58333333333333,3.8541666666666665,1.0041666666666667
2023-02-27,0.18333333333333335,951.2291666666666,877.5625,23.704166666666666,84.625,3.654166666666667,0.7958333333333334
2023-02-28,0.11666666666666665,952.6875,911.6208333333334,23.09583333333333,86.29166666666667,3.2916666666666665,0.7041666666666666
2023-03-01,0.049999999999999996,910.8708333333334,1088.575,22.395833333333332,77.75,3.6041666666666665,0.8791666666666668
2023-03-02,0.0,909.1791666666667,939.3375,23.02916666666667,77.95833333333333,4.2875000000000005,1.05
2023-03-03,0.0,948.1374999999999,959.3791666666666,24.662499999999998,79.83333333333333,3.6333333333333333,1.0708333333333333
2023-03-04,0.09166666666666667,948.3666666666667,856.8874999999999,24.412499999999998,82.45833333333333,4.195833333333334,0.8250000000000001
2023-03-05,0.13333333333333333,946.7416666666667,598.2416666666667,23.59166666666667,84.75,3.3874999999999997,0.8708333333333332
2023-03-06,0.041666666666666664,945.7208333333333,737.7333333333332,23.0,82.25,5.116666666666666,1.7125000000000001
2023-03-07,0.08333333333333333,947.6083333333332,498.19166666666666,22.866666666666664,79.70833333333333,4.625,1.1125
2023-03-08,0.03333333333333333,948.7624999999999,679.1125000000001,22.5625,85.125,2.983333333333333,0.5041666666666667
2023-03-09,0.008333333333333333,949.1458333333334,761.6999999999999,23.52916666666667,85.33333333333333,2.8833333333333333,0.5166666666666667
2023-03-10,0.13333333333333333,948.9708333333333,930.1166666666667,23.633333333333336,83.70833333333333,2.9499999999999997,0.8208333333333333
2023-03-11,0.7666666666666666,948.7125,405.87916666666666,21.916666666666668,92.95833333333333,2.4041666666666663,0.4083333333333334
2023-03-12,0.15,869.9,747.5458333333332,20.708333333333332,81.25,3.091666666666667,0.7250000000000001
2023-03-13,0.041666666666666664,870.7333333333332,712.3333333333334,21.216666666666665,74.08333333333333,4.3999999999999995,1.6083333333333334
2023-03-14,0.008333333333333333,910.5749999999999,767.4875000000001,22.59583333333333,78.54166666666667,3.1458333333333335,1.075
2023-03-15,0.0,910.4,882.0,22.3875,76.70833333333333,3.045833333333333,0.6583333333333333
2023-03-16,0.0,909.9791666666666,953.0833333333334,21.979166666666668,74.625,3.5708333333333333,1.1125
2023-03-17,0.0,949.8458333333333,1019.1083333333332,22.566666666666666,73.66666666666667,3.4916666666666667,0.75
2023-03-18,0.0,830.9541666666668,1010.1958333333333,20.658333333333335,66.04166666666667,3.4166666666666665,0.9416666666666668
2023-03-19,0.0,949.25,1015.1750000000001,24.541666666666668,77.08333333333333,3.970833333333333,1.075
2023-03-20,0.016666666666666666,948.6833333333334,913.9250000000001,24.21666666666667,79.375,3.158333333333333,0.8125
2023-03-21,0.05000000000000001,949.7624999999999,1008.0666666666666,23.016666666666666,80.83333333333333,3.879166666666667,0.8666666666666667
2023-03-22,0.0,911.9458333333333,986.4125,22.825,72.75,3.2125,0.625
2023-03-23,0.0,872.6833333333334,992.2375000000001,21.733333333333334,67.41666666666667,3.6458333333333335,0.8041666666666667
2023-03-24,0.0,950.1541666666667,992.5791666666668,24.316666666666666,75.58333333333333,3.1458333333333335,0.8208333333333333
2023-03-25,0.0,949.25,980.3000000000001,24.366666666666664,77.45833333333333,2.7291666666666665,0.7125
2023-03-26,0.0,948.7333333333332,956.4875000000001,25.791666666666668,74.45833333333333,3.766666666666667,0.7291666666666666
2023-03-27,1.3499999999999999,949.3166666666666,624.875,23.349999999999998,82.83333333333333,3.6625,0.7291666666666666
2023-03-28,0.041666666666666664,950.475,779.8041666666667,22.733333333333334,84.16666666666667,3.9,1.2208333333333334
2023-03-29,0.0,949.7083333333334,765.0083333333333,24.02916666666667,79.70833333333333,5.020833333333333,1.575
2023-03-30,0.11666666666666665,949.8083333333334,730.5583333333334,23.858333333333334,84.45833333333333,3.8958333333333335,0.9500000000000001
2023-03-31,0.2916666666666667,949.0749999999999,852.2541666666666,21.633333333333336,87.16666666666667,3.5708333333333333,0.5499999999999999
2023-04-01,0.008333333333333333,947.4166666666666,884.3625000000001,22.34583333333333,80.20833333333333,3.0041666666666664,0.6083333333333333
2023-04-02,0.016666666666666666,910.1583333333333,499.3,20.5,77.75,3.6458333333333335,0.875
2023-04-03,0.0,950.2041666666668,975.9458333333333,21.066666666666666,77.29166666666667,3.8625000000000003,1.3541666666666667
2023-04-04,0.0,948.625,767.7541666666666,21.891666666666666,80.125,3.8208333333333333,0.8833333333333333
2023-04-05,1.6500000000000001,948.1958333333333,770.7416666666667,22.295833333333334,82.95833333333333,3.8958333333333335,0.7625000000000001
2023-04-06,0.15833333333333333,949.3041666666667,590.3666666666667,21.8625,86.33333333333333,2.7458333333333336,0.5541666666666667
2023-04-07,0.19166666666666665,948.4041666666667,225.5,21.150000000000002,93.83333333333333,2.8249999999999997,0.5750000000000001
2023-04-08,1.9583333333333333,948.8458333333333,512.2375000000001,21.287499999999998,92.33333333333333,3.783333333333333,0.9833333333333333
2023-04-09,1.6416666666666666,951.9916666666667,176.39583333333334,19.579166666666666,99.29166666666667,1.4708333333333334,0.05416666666666666
2023-04-10,0.48333333333333334,952.9916666666667,801.5458333333332,20.458333333333332,82.83333333333333,2.595833333333333,0.5666666666666667
2023-04-11,0.0,951.3708333333334,914.3166666666666,21.325,75.41666666666667,4.5249999999999995,1.3208333333333333
2023-04-12,0.0,948.9125,611.3125,21.491666666666664,82.0,3.6458333333333335,1.1041666666666667
2023-04-13,0.0,946.5375,792.2333333333332,22.9375,82.0,3.1125000000000003,0.5166666666666667
2023-04-14,0.7000000000000001,946.4958333333334,354.4583333333333,21.65416666666667,90.875,2.5749999999999997,0.5
2023-04-15,0.14166666666666666,947.9333333333334,580.2208333333333,22.258333333333336,88.16666666666667,4.020833333333333,0.8916666666666666
2023-04-16,0.008333333333333333,949.4375,786.4749999999999,22.025000000000002,82.20833333333333,3.3208333333333333,0.9083333333333333
2023-04-17,0.0,943.8833333333333,800.5583333333333,23.375,76.08333333333333,4.529166666666667,1.5625
2023-04-18,0.4083333333333334,940.0166666666668,235.4,22.6375,88.41666666666667,3.5375,0.6875
2023-04-19,0.5916666666666667,941.0749999999999,704.1625,23.116666666666664,83.08333333333333,4.3374999999999995,1.1041666666666667
2023-04-20,0.008333333333333333,948.125,869.4499999999999,18.854166666666668,74.04166666666667,3.6291666666666664,1.0083333333333333
2023-04-21,0.0,952.6791666666667,837.8916666666668,18.0625,72.125,3.5500000000000003,0.9416666666666668
2023-04-22,0.0,952.5791666666668,759.6374999999999,18.5125,80.29166666666667,3.2583333333333333,0.7000000000000001
2023-04-23,0.008333333333333333,952.8291666666668,766.3041666666667,20.666666666666668,76.5,3.2125000000000004,0.7583333333333333
2023-04-24,0.008333333333333333,953.9625,819.9958333333334,19.287499999999998,74.20833333333333,2.65,0.4583333333333333
2023-04-25,0.0,953.025,785.8208333333333,19.520833333333332,78.95833333333333,2.6916666666666664,0.6458333333333334
2023-04-26,0.3333333333333333,950.1833333333334,640.6375,20.904166666666665,81.95833333333333,3.6666666666666665,1.0041666666666667
2023-04-27,0.016666666666666666,947.5958333333333,694.3249999999999,21.241666666666667,84.20833333333333,2.6625,0.4583333333333333
2023-04-28,0.08333333333333333,949.5333333333333,130.33333333333334,20.083333333333332,93.875,2.8249999999999997,0.525
2023-04-29,0.049999999999999996,951.3375,532.2916666666666,20.129166666666666,87.5,4.0874999999999995,1.1624999999999999
2023-04-30,0.0,950.9291666666667,743.1625,21.71666666666667,82.20833333333333,3.2875,0.7791666666666667
2023-05-01,0.008333333333333333,949.5291666666667,831.7041666666665,21.929166666666664,77.54166666666667,3.8874999999999997,0.9375
2023-05-02,0.0,948.6958333333333,757.75,21.40416666666667,79.5,2.6750000000000003,0.7625000000000001
2023-05-03,0.0,632.3958333333334,274.9583333333333,13.762500000000001,54.916666666666664,1.6624999999999999,0.1625
2023-05-04,0.0,950.3166666666666,679.4416666666667,22.145833333333332,82.16666666666667,2.2041666666666666,0.21666666666666667
2023-05-05,0.0,952.275,720.1458333333334,21.708333333333332,81.5,2.0708333333333333,0.26666666666666666
2023-05-06,0.0,912.9499999999999,612.9083333333333,21.258333333333333,77.58333333333333,2.4375,0.4041666666666666
2023-05-07,0.0,951.5666666666666,733.1833333333333,21.366666666666664,80.95833333333333,3.8375,1.1958333333333333
2023-05-08,0.008333333333333333,951.2458333333334,756.2541666666666,21.029166666666665,80.08333333333333,2.5875,0.5458333333333333
2023-05-09,0.0,950.8000000000001,657.5416666666666,21.787499999999998,82.125,2.0749999999999997,0.38333333333333336
2023-05-10,0.03333333333333333,950.2583333333333,314.3208333333333,21.545833333333334,90.5,1.6666666666666667,0.1958333333333333
2023-05-11,0.3333333333333333,948.0083333333333,433.33750000000003,20.591666666666665,89.25,3.1999999999999997,0.7416666666666667
2023-05-12,0.0,949.9416666666666,654.8000000000001,18.741666666666667,80.0,2.9291666666666667,0.6124999999999999
2023-05-13,0.0,951.9125,615.7875,17.8,74.5,3.5124999999999997,0.5666666666666667
2023-05-14,0.0,953.025,748.5749999999999,18.3875,77.125,3.25,0.7333333333333334
2023-05-15,0.0,953.3083333333334,714.5999999999999,18.1375,74.45833333333333,3.1958333333333333,0.9166666666666666
2023-05-16,0.008333333333333333,952.4833333333332,772.3208333333333,15.079166666666666,72.0,2.441666666666667,0.5666666666666667
2023-05-17,0.0,953.275,706.2541666666667,15.679166666666667,76.95833333333333,3.0,0.8666666666666667
2023-05-18,0.0,954.3583333333332,713.3499999999999,16.679166666666667,79.16666666666667,2.095833333333333,0.25
2023-05-19,0.0,953.7916666666666,725.5291666666667,15.987499999999999,80.33333333333333,2.475,0.5166666666666667
2023-05-20,0.008333333333333333,952.7958333333332,760.5416666666666,15.512500000000001,76.58333333333333,3.6666666666666665,0.975
2023-05-21,0.008333333333333333,951.2375000000001,737.5791666666665,16.241666666666667,77.70833333333333,2.9166666666666665,0.7708333333333334
2023-05-22,0.008333333333333333,952.4916666666667,643.2583333333333,17.325,80.0,3.1625,0.7916666666666666
2023-05-23,0.0,953.9541666666668,718.3708333333334,18.254166666666666,75.79166666666667,2.3000000000000003,0.42083333333333334
2023-05-24,0.008333333333333333,953.8166666666666,526.3249999999999,17.6375,83.29166666666667,3.454166666666667,0.9625
2023-05-25,0.008333333333333333,954.3666666666667,691.1750000000001,18.679166666666667,78.75,3.3166666666666664,0.9666666666666667
2023-05-26,0.008333333333333333,953.9375,718.5708333333333,18.566666666666666,77.625,3.7458333333333336,1.0208333333333333
2023-05-27,0.0,952.4416666666666,691.3916666666668,19.912499999999998,75.625,3.2083333333333335,0.6541666666666667
2023-05-28,0.008333333333333333,950.4833333333332,658.0,19.216666666666665,79.20833333333333,2.7291666666666665,0.4833333333333334
2023-05-29,0.10833333333333334,952.3791666666666,299.56666666666666,18.625,89.83333333333333,3.8625000000000003,0.85
2023-05-30,0.075,955.1208333333334,443.61249999999995,17.754166666666666,85.58333333333333,4.145833333333333,1.3541666666666667
2023-05-31,1.3499999999999999,952.8666666666667,117.21666666666665,16.758333333333333,97.29166666666667,2.7083333333333335,0.4583333333333333
2023-06-01,0.03333333333333333,953.5708333333333,565.8375,18.375,86.58333333333333,3.15,0.9625
2023-06-02,0.0,954.0083333333333,580.5458333333333,17.866666666666667,84.125,2.5458333333333334,0.5375
2023-06-03,0.0,954.0958333333333,666.7416666666667,17.412499999999998,80.66666666666667,3.3041666666666667,0.7875
2023-06-04,0.016666666666666666,954.5958333333333,699.9375,15.85,82.54166666666667,1.6958333333333335,0.2833333333333333
2023-06-05,0.008333333333333333,954.2958333333332,631.7541666666667,15.870833333333332,84.29166666666667,2.1,0.45
2023-06-06,0.0,954.4041666666667,604.0166666666667,17.170833333333334,82.29166666666667,2.566666666666667,0.4875
2023-06-07,0.008333333333333333,954.7791666666667,654.2208333333333,15.924999999999999,81.41666666666667,2.3916666666666666,0.375
2023-06-08,0.008333333333333333,954.7041666666668,680.2375000000001,16.145833333333332,80.125,1.8791666666666667,0.20833333333333334
2023-06-09,0.008333333333333333,952.9708333333333,677.8000000000001,16.958333333333332,76.66666666666667,2.1625,0.22083333333333333
2023-06-10,0.008333333333333333,951.875,673.75,17.712500000000002,75.0,2.0416666666666665,0.3541666666666667
2023-06-11,0.0,950.6458333333334,651.2958333333333,18.5125,72.79166666666667,3.2458333333333336,0.8624999999999999
2023-06-12,0.0,950.7041666666668,596.25,18.7375,72.33333333333333,1.7583333333333335,0.12916666666666668
2023-06-13,0.0,954.025,311.92083333333335,18.720833333333335,84.16666666666667,2.9916666666666667,0.7958333333333334
2023-06-14,0.09999999999999999,953.5916666666667,217.57916666666665,18.287499999999998,88.375,2.475,0.44583333333333336
2023-06-15,1.1500000000000001,952.2666666666668,193.50416666666663,17.870833333333334,96.29166666666667,3.0749999999999997,0.5583333333333333
2023-06-16,0.0,950.9541666666668,276.2916666666667,19.020833333333332,89.58333333333333,2.9499999999999997,0.38333333333333336
2023-06-17,0.0,953.5041666666666,494.59999999999997,15.4375,82.95833333333333,4.1499999999999995,1.1541666666666668
2023-06-18,0.008333333333333333,955.225,483.37083333333334,13.4,86.83333333333333,1.7750000000000001,0.2708333333333333
2023-06-19,0.0,957.3000000000001,659.5916666666667,15.774999999999999,79.375,2.1083333333333334,0.375
2023-06-20,0.0,956.8833333333333,651.75,15.6625,78.33333333333333,3.2375000000000003,0.65
2023-06-21,0.008333333333333333,954.5041666666666,674.0291666666667,15.170833333333334,78.5,2.2666666666666666,0.6375000000000001
2023-06-22,0.0,953.2166666666667,655.7583333333333,17.099999999999998,73.04166666666667,3.4333333333333336,0.6666666666666666
2023-06-23,0.008333333333333333,952.1041666666666,547.3375,16.316666666666666,81.08333333333333,1.9625000000000001,0.22083333333333333
2023-06-24,0.008333333333333333,952.3000000000001,609.2458333333333,17.4375,79.25,2.3249999999999997,0.23750000000000002
2023-06-25,0.0,953.5583333333334,555.6833333333333,17.133333333333333,82.33333333333333,1.9875,0.3875
2023-06-26,0.008333333333333333,953.6999999999999,675.7291666666666,17.345833333333335,78.375,2.125,0.22916666666666666
2023-06-27,0.008333333333333333,953.2708333333334,673.575,16.9375,74.83333333333333,2.379166666666667,0.2708333333333333
2023-06-28,0.0,953.2041666666668,675.1166666666667,17.358333333333334,75.75,1.9749999999999999,0.2708333333333333
2023-06-29,0.0,954.9041666666667,619.6750000000001,18.141666666666666,75.5,2.5749999999999997,0.46249999999999997
2023-06-30,0.008333333333333333,956.7291666666666,510.6458333333333,18.595833333333335,80.66666666666667,2.8874999999999997,0.6625
2023-07-01,0.0,954.0833333333334,592.5500000000001,19.025000000000002,78.04166666666667,3.283333333333333,0.6291666666666667
2023-07-02,0.0,952.6291666666666,627.15,17.925,76.95833333333333,3.0833333333333335,0.6625
2023-07-03,0.0,955.0416666666666,514.8583333333333,16.537499999999998,74.16666666666667,3.4291666666666667,0.8416666666666667
2023-07-04,0.0,955.9499999999999,698.7624999999999,15.491666666666667,71.16666666666667,3.7125,1.2041666666666666
2023-07-05,0.008333333333333333,955.475,693.4708333333333,15.125,73.875,3.7541666666666664,1.0
2023-07-06,0.0,953.2416666666667,690.9208333333332,15.512500000000001,72.29166666666667,2.733333333333333,0.65
2023-07-07,0.0,951.3874999999999,687.5083333333333,15.7875,65.41666666666667,2.2125,0.38333333333333336
2023-07-08,0.0,948.9291666666667,659.1916666666667,17.079166666666666,64.125,3.720833333333333,1.2750000000000001
2023-07-09,0.08333333333333333,951.0333333333333,190.875,17.625,82.95833333333333,2.345833333333333,0.37916666666666665
2023-07-10,0.0,951.8416666666667,336.65833333333336,18.695833333333333,85.20833333333333,3.6625,0.9500000000000001
2023-07-11,0.008333333333333333,949.6625,647.3833333333333,20.662499999999998,75.54166666666667,2.7583333333333333,0.8083333333333332
2023-07-12,0.0,946.9208333333332,619.3375,22.483333333333334,69.70833333333333,4.5125,1.4749999999999999
2023-07-13,0.0,942.9166666666666,615.1125000000001,24.587500000000002,44.583333333333336,8.775,3.6999999999999997
2023-07-14,0.0,949.3166666666666,704.1750000000001,17.599999999999998,55.458333333333336,5.3999999999999995,1.9000000000000001
2023-07-15,0.0,913.7291666666666,650.8541666666666,14.166666666666666,67.41666666666667,3.6666666666666665,1.1375
2023-07-16,0.0,951.5041666666666,661.2666666666667,17.479166666666668,72.08333333333333,4.179166666666666,1.2416666666666667
2023-07-17,0.0,951.6833333333334,507.7208333333333,20.129166666666666,76.66666666666667,3.625,0.9041666666666667
2023-07-18,0.0,954.7041666666668,172.0375,19.004166666666666,87.0,4.441666666666666,1.1833333333333333
2023-07-19,0.0,959.7041666666668,303.1125,18.008333333333333,86.58333333333333,3.5416666666666665,0.9916666666666667
2023-07-20,0.0,961.7375000000001,374.27500000000003,17.349999999999998,80.5,5.208333333333333,1.8833333333333335
2023-07-21,0.0,959.9916666666667,624.6958333333333,17.858333333333334,79.04166666666667,5.204166666666667,1.9208333333333334
2023-07-22,0.008333333333333333,957.9291666666667,733.4833333333332,16.658333333333335,75.91666666666667,4.2,1.3208333333333333
2023-07-23,0.0,957.7708333333334,711.5166666666665,18.608333333333334,68.0,3.595833333333333,0.9416666666666665
2023-07-24,0.0,956.7291666666666,714.4833333333332,18.554166666666667,68.29166666666667,2.7916666666666665,0.7125
2023-07-25,0.0,953.5500000000001,644.2833333333333,19.791666666666668,73.58333333333333,2.279166666666667,0.30833333333333335
2023-07-26,0.0,952.3625000000001,672.4541666666667,19.583333333333332,71.83333333333333,2.7875,0.5375
2023-07-27,0.0,953.5916666666667,715.5374999999999,20.4,72.16666666666667,3.7416666666666667,1.0333333333333334
2023-07-28,0.3166666666666667,954.5291666666667,705.1374999999999,20.5125,72.58333333333333,3.845833333333333,1.0416666666666667
2023-07-29,0.016666666666666666,955.0208333333334,458.08750000000003,18.820833333333333,83.625,4.079166666666667,1.125
2023-07-30,0.19166666666666665,957.1374999999999,524.5583333333333,16.270833333333332,85.125,3.9166666666666665,1.075
2023-07-31,0.0,956.4583333333334,591.5416666666666,16.604166666666668,83.66666666666667,2.4375,0.4666666666666666
2023-08-01,0.008333333333333333,956.025,583.5916666666666,17.704166666666666,81.75,2.1708333333333334,0.45416666666666666
2023-08-02,0.008333333333333333,954.9625,726.4708333333333,17.716666666666665,76.58333333333333,2.408333333333333,0.49583333333333335
2023-08-03,0.0,952.875,791.6,18.141666666666666,70.04166666666667,2.6875,0.7041666666666666
2023-08-04,0.0,952.7375000000001,757.7541666666666,17.895833333333332,73.70833333333333,2.9875000000000003,0.8250000000000001
2023-08-05,0.008333333333333333,953.4333333333334,693.9916666666667,18.329166666666666,76.08333333333333,2.529166666666667,0.6
2023-08-06,0.0,953.9708333333333,771.6333333333333,19.75,72.54166666666667,3.3333333333333335,0.8208333333333333
2023-08-07,0.0,952.8041666666667,784.0208333333334,21.495833333333334,62.583333333333336,3.079166666666667,0.43333333333333335
2023-08-08,0.0,956.0708333333333,324.95,20.125,74.33333333333333,4.166666666666667,1.1458333333333333
2023-08-09,0.0,955.6166666666667,682.7875,19.425,77.79166666666667,6.3500000000000005,2.529166666666667
2023-08-10,0.0,952.5749999999999,735.9375,21.625,66.33333333333333,8.0625,3.5749999999999997
2023-08-11,0.0,951.15,786.3208333333333,23.454166666666666,61.208333333333336,5.979166666666667,1.6958333333333335
2023-08-12,0.0,952.0625,664.9333333333333,20.470833333333335,72.20833333333333,4.366666666666666,1.15
2023-08-13,0.09166666666666667,953.7958333333332,499.26250000000005,18.716666666666665,82.54166666666667,3.4458333333333333,0.8041666666666667
2023-08-14,0.0,954.35,592.0208333333334,19.020833333333332,82.75,4.5,1.55
2023-08-15,0.0,953.7666666666668,582.0,20.879166666666666,78.58333333333333,3.8541666666666665,1.2375
2023-08-16,0.0,954.3458333333333,564.0625,21.2,75.16666666666667,5.208333333333333,1.8375000000000001
2023-08-17,0.0,952.0666666666666,796.4,21.895833333333332,68.25,4.4875,1.1458333333333333
2023-08-18,0.0,947.4291666666667,742.4833333333332,23.22083333333333,62.291666666666664,4.566666666666666,1.0166666666666666
2023-08-19,0.0,944.2958333333332,593.15,23.5625,52.333333333333336,6.191666666666666,2.1166666666666667
2023-08-20,0.0,947.3249999999999,229.82083333333333,19.55,79.0,3.858333333333333,1.1166666666666667
2023-08-21,0.0,946.4,693.9833333333332,20.304166666666667,68.20833333333333,3.625,1.0166666666666666
2023-08-22,0.0,946.725,866.9208333333332,21.366666666666664,63.333333333333336,3.6041666666666665,0.9499999999999998
2023-08-23,0.0,944.5958333333333,852.9958333333333,23.183333333333334,49.583333333333336,4.083333333333333,1.5875000000000001
2023-08-24,0.0,943.6333333333333,789.4499999999999,25.708333333333332,44.083333333333336,6.033333333333334,1.9791666666666667
2023-08-25,0.09999999999999999,944.9666666666667,693.5041666666666,22.166666666666668,74.16666666666667,4.445833333333334,1.2166666666666668
2023-08-26,0.7000000000000001,948.7208333333333,137.96666666666667,17.045833333333334,92.41666666666667,5.495833333333334,1.45
2023-08-27,0.6,952.975,86.66666666666667,14.104166666666666,100.0,2.6958333333333333,0.39999999999999997
2023-08-28,0.19166666666666665,954.2791666666667,305.3541666666667,14.862499999999999,91.41666666666667,1.7208333333333332,0.3208333333333333
2023-08-29,0.0,953.7708333333334,333.3333333333333,16.85,84.33333333333333,2.85,0.45
2023-08-30,0.0,950.1041666666666,811.6416666666668,20.870833333333334,75.70833333333333,3.0416666666666665,0.6791666666666667
2023-08-31,0.0,951.7875,757.25,20.541666666666668,70.29166666666667,2.6374999999999997,0.6541666666666667
2023-09-01,0.0,952.1041666666666,847.2375000000001,21.054166666666667,70.79166666666667,6.3625,2.3333333333333335
2023-09-02,0.0,950.0375,737.5166666666668,23.1125,67.45833333333333,7.4125000000000005,3.2583333333333333
2023-09-03,0.6666666666666666,949.4708333333333,868.1083333333335,25.5625,67.375,5.379166666666666,1.4958333333333333
2023-09-04,0.0,948.2333333333332,813.1208333333334,26.508333333333336,64.58333333333333,4.004166666666666,1.1041666666666667
2023-09-05,0.0,950.75,506.6041666666667,24.941666666666666,71.0,4.6000000000000005,1.0625
2023-09-06,0.0,956.9416666666666,326.75416666666666,19.470833333333335,83.83333333333333,4.2625,1.3208333333333333
2023-09-07,0.0,956.1291666666666,809.5,20.070833333333333,73.45833333333333,6.5375000000000005,2.525
2023-09-08,0.0,951.6916666666666,974.9125,22.333333333333332,65.16666666666667,6.3625,2.3958333333333335
2023-09-09,0.0,950.7541666666666,908.2291666666666,23.925,55.708333333333336,4.904166666666667,1.5916666666666668
2023-09-10,0.0,952.3625000000001,726.9833333333332,23.166666666666668,63.833333333333336,3.858333333333333,1.1500000000000001
2023-09-11,0.0,951.7375000000001,976.7624999999999,23.133333333333336,66.0,4.9125000000000005,1.3083333333333333
2023-09-12,0.0,950.2666666666668,991.5749999999999,24.541666666666668,45.625,4.204166666666667,1.1083333333333334
2023-09-13,0.0,947.2624999999999,976.1125000000001,24.608333333333334,51.0,3.670833333333333,1.2583333333333333
2023-09-14,0.0,946.8833333333333,459.72499999999997,23.254166666666666,64.875,4.404166666666667,1.1041666666666667
2023-09-15,0.325,952.1416666666668,339.55,17.599999999999998,90.375,4.445833333333334,1.0833333333333333
2023-09-16,0.0,951.2624999999999,994.6374999999999,20.725,72.41666666666667,5.429166666666667,1.3666666666666665
2023-09-17,0.0,950.4291666666667,986.9458333333333,24.754166666666666,67.125,5.4125000000000005,1.0958333333333334
2023-09-18,0.0,950.3541666666666,1010.25,25.779166666666665,58.791666666666664,2.65,0.21666666666666667
2023-09-19,0.0,949.6,1036.425,24.004166666666666,50.208333333333336,2.5375,0.5875
2023-09-20,0.0,950.3375,979.5791666666668,23.004166666666666,57.333333333333336,1.9875,0.23333333333333336
2023-09-21,0.0,949.3000000000001,989.4833333333332,24.920833333333334,64.58333333333333,5.2124999999999995,1.3666666666666665
2023-09-22,0.0,947.0166666666668,988.4583333333334,26.9375,50.291666666666664,5.1125,1.3666666666666665
2023-09-23,0.0,868.0083333333333,982.3708333333334,23.858333333333334,50.375,2.8958333333333335,0.27499999999999997
2023-09-24,0.0,945.6291666666666,1000.7750000000001,26.670833333333334,61.083333333333336,3.283333333333333,0.44999999999999996
2023-09-25,0.0,945.5375,919.3249999999999,26.400000000000002,58.166666666666664,3.1041666666666665,0.5708333333333334
2023-09-26,0.008333333333333333,944.3375,887.7916666666666,26.962500000000002,63.25,3.966666666666667,0.6375000000000001
2023-09-27,0.025000000000000005,942.1458333333334,265.125,26.054166666666664,71.625,1.8708333333333333,0.08750000000000001
2023-09-28,0.21666666666666667,870.3249999999999,336.06666666666666,17.545833333333334,79.29166666666667,5.429166666666667,1.6624999999999999
2023-09-29,0.049999999999999996,952.7333333333332,777.7375000000001,18.900000000000002,79.375,5.341666666666666,2.0083333333333333
2023-09-30,0.0,910.625,936.9125,20.458333333333332,70.95833333333333,5.570833333333333,1.9166666666666667
2023-10-01,2.6416666666666666,828.9166666666666,189.17083333333335,17.412499999999998,79.83333333333333,4.3625,0.9958333333333335
2023-10-02,0.10833333333333334,945.85,357.15000000000003,20.683333333333334,91.91666666666667,2.6666666666666665,0.5125000000000001
2023-10-03,0.008333333333333333,945.8125,674.975,21.78333333333333,85.29166666666667,4.170833333333333,1.2208333333333334
2023-10-04,0.0,943.9083333333333,772.1125000000001,25.0125,72.625,5.045833333333333,1.4875
2023-10-05,0.24166666666666667,903.7083333333334,816.9875000000001,23.441666666666666,74.66666666666667,6.625,1.5458333333333334
2023-10-06,0.6083333333333333,907.4416666666666,937.2958333333332,24.925,74.5,3.2458333333333336,0.4375
2023-10-07,0.075,946.8791666666666,575.9125,27.179166666666664,73.16666666666667,3.4583333333333335,0.6791666666666667
2023-10-08,0.06666666666666667,908.7208333333333,676.85,23.391666666666666,79.5,3.658333333333333,1.1624999999999999
2023-10-09,0.7999999999999999,908.25,571.2291666666666,23.195833333333336,51.416666666666664,5.004166666666666,1.2833333333333334
2023-10-10,0.0,872.4125,536.4458333333333,19.833333333333332,71.375,4.05,1.4583333333333333
2023-10-11,0.0,869.8874999999999,1078.4791666666667,21.75,68.08333333333333,5.033333333333333,1.7291666666666667
2023-10-12,0.8916666666666667,826.775,687.4958333333334,22.400000000000002,64.83333333333333,5.833333333333333,1.5333333333333332
2023-10-13,0.06666666666666667,909.3541666666666,409.22499999999997,20.037499999999998,58.75,4.8999999999999995,1.3708333333333333
2023-10-14,0.11666666666666665,914.1125000000001,150.6625,17.725,93.16666666666667,1.6583333333333334,0.15
2023-10-15,0.008333333333333333,834.3291666666668,1094.3583333333333,19.241666666666667,66.91666666666667,4.908333333333333,1.2208333333333334
2023-10-16,0.0,871.2416666666667,1069.3291666666667,23.420833333333334,64.83333333333333,3.283333333333333,0.09999999999999999
2023-10-17,0.9166666666666666,909.9291666666667,850.5333333333333,23.537499999999998,54.791666666666664,3.9875000000000003,0.8041666666666667
2023-10-18,0.008333333333333333,871.0458333333332,712.475,21.59166666666667,69.58333333333333,1.0375,0.020833333333333332
2023-10-19,0.05833333333333333,951.7041666666668,318.74583333333334,20.650000000000002,65.5,0.19999999999999998,0.004166666666666667
2023-10-20,0.0,911.9833333333332,347.69166666666666,18.408333333333335,81.33333333333333,3.6833333333333336,1.0125
2023-10-21,0.008333333333333333,951.7708333333334,552.9375,20.258333333333333,83.375,4.183333333333334,1.2041666666666668
2023-10-22,0.0,951.0625,1201.1416666666667,22.120833333333334,73.83333333333333,4.120833333333334,0.5208333333333334
2023-10-23,0.0,948.4291666666667,1104.1666666666667,24.1375,70.625,2.466666666666667,0.5458333333333333
2023-10-24,0.024999999999999998,864.9125,1057.6625000000001,24.270833333333332,52.166666666666664,4.145833333333333,0.9458333333333333
2023-10-25,0.40833333333333327,903.8833333333333,728.0500000000001,22.304166666666664,71.79166666666667,2.0500000000000003,0.1958333333333333
2023-10-26,0.35833333333333334,942.8125,514.1916666666666,21.895833333333332,87.625,2.4916666666666667,0.25416666666666665
2023-10-27,0.0,945.0625,953.9499999999999,23.325,80.83333333333333,4.2875000000000005,1.0041666666666667
2023-10-28,0.8000000000000002,905.9333333333334,505.3958333333333,22.8,68.45833333333333,4.870833333333334,0.9625
2023-10-29,1.4916666666666665,865.7708333333334,537.1,22.900000000000002,70.16666666666667,2.5208333333333335,0.8666666666666666
2023-10-30,0.15,945.35,903.1166666666667,24.954166666666666,81.625,1.9124999999999999,0.12083333333333333
2023-10-31,0.8416666666666667,905.3541666666666,760.3249999999999,24.037499999999998,78.25,2.3083333333333336,0.6083333333333334
2023-11-01,0.11666666666666665,906.4958333333334,697.3291666666668,21.416666666666668,81.16666666666667,2.5166666666666666,0.75
2023-11-02,0.0,828.8125,457.4375,18.55,69.375,2.3874999999999997,0.125
2023-11-03,0.17500000000000002,904.5041666666666,1031.8791666666666,23.27916666666667,72.58333333333333,6.266666666666667,1.7625
2023-11-04,0.041666666666666664,903.1125000000001,1014.5083333333333,23.483333333333334,72.875,2.875,0.7124999999999999
2023-11-05,0.0,947.9708333333333,1261.4750000000001,21.675,73.75,3.0041666666666664,0.6916666666666668
2023-11-06,0.016666666666666666,951.8625000000001,979.7833333333333,19.841666666666665,75.54166666666667,3.9625,1.3541666666666667
2023-11-07,0.0,952.4916666666667,1182.7375,20.05,69.79166666666667,4.929166666666666,1.4291666666666665
2023-11-08,0.0,950.4,1252.8125,22.425,66.25,3.9625,0.5875
2023-11-09,0.0,947.7083333333334,1196.1791666666666,25.445833333333336,60.75,2.3916666666666666,0.5499999999999999
2023-11-10,0.0,948.2416666666667,1129.4541666666667,26.016666666666666,67.91666666666667,2.2083333333333335,0.23750000000000002
2023-11-11,0.0,867.6541666666667,1132.1499999999999,25.270833333333332,59.416666666666664,0.12083333333333333,0.0
2023-11-12,0.0,905.2083333333334,1173.3208333333334,27.729166666666668,54.958333333333336,1.3333333333333333,0.1875
2023-11-13,0.0,865.8541666666666,1199.8666666666666,27.129166666666666,51.0,1.2041666666666666,0.07083333333333335
2023-11-14,0.016666666666666666,864.9916666666667,1085.2666666666667,26.724999999999998,54.375,3.4416666666666664,0.24166666666666667
2023-11-15,0.13333333333333333,906.125,862.1291666666667,24.758333333333336,72.41666666666667,4.0125,0.5125000000000001
2023-11-16,0.008333333333333333,943.9583333333334,954.9833333333332,26.691666666666666,67.79166666666667,1.3458333333333332,0.12916666666666668
2023-11-17,0.0,903.525,959.0666666666666,27.383333333333336,59.875,1.6958333333333335,0.17916666666666667
2023-11-18,0.0,824.4125,1000.1916666666666,26.679166666666664,51.5,3.6041666666666665,1.1541666666666666
2023-11-19,1.3666666666666665,946.4541666666668,321.675,24.829166666666666,61.083333333333336,2.3833333333333333,0.30833333333333335
2023-11-20,0.041666666666666664,908.6333333333333,533.6750000000001,21.287499999999998,77.70833333333333,1.8291666666666666,0.2333333333333333
2023-11-21,0.008333333333333333,867.4166666666666,1106.5666666666666,23.195833333333336,68.41666666666667,3.3333333333333335,0.5583333333333333
2023-11-22,0.14166666666666666,865.6916666666666,1057.3916666666667,24.870833333333334,67.45833333333333,2.529166666666667,0.09999999999999999
2023-11-23,0.0,827.5416666666666,673.8708333333333,22.837500000000002,67.29166666666667,1.6124999999999998,0.275
2023-11-24,0.35000000000000003,832.4708333333333,292.78333333333336,18.941666666666666,81.33333333333333,4.704166666666667,1.9000000000000001
2023-11-25,0.0,913.2458333333334,377.5708333333334,18.316666666666666,78.25,2.5083333333333333,0.42083333333333334
2023-11-26,0.0,950.875,904.6583333333333,20.208333333333332,78.45833333333333,5.579166666666667,1.6500000000000001
2023-11-27,0.0,871.2458333333334,851.3625000000001,20.825,70.54166666666667,2.920833333333333,0.2625
2023-11-28,1.4666666666666668,790.1583333333333,832.225,19.9375,69.45833333333333,3.345833333333333,0.125
2023-11-29,0.5833333333333334,828.3708333333334,471.93333333333334,20.566666666666666,70.41666666666667,3.0,0.7166666666666667
2023-11-30,0.375,906.0833333333334,1221.7666666666667,24.412499999999998,69.91666666666667,2.5833333333333335,0.27499999999999997
2023-12-01,0.075,946.9208333333332,1042.7583333333334,24.979166666666668,78.16666666666667,1.1166666666666667,0.0
2023-12-02,0.0,787.85,1221.9916666666666,22.454166666666666,55.75,1.4041666666666668,0.008333333333333333
2023-12-03,0.0,944.0875,1213.8,27.579166666666666,67.625,0.9291666666666667,0.0
2023-12-04,0.4083333333333334,867.0666666666666,1079.7541666666666,24.391666666666666,66.79166666666667,2.5708333333333333,0.4791666666666667
2023-12-05,0.05000000000000001,910.1041666666666,770.9499999999999,23.070833333333336,80.75,1.3166666666666667,0.1375
2023-12-06,1.8166666666666667,948.7916666666666,751.8375,25.208333333333332,80.29166666666667,1.1500000000000001,0.0
2023-12-07,0.0,907.2375000000001,1059.1916666666666,26.55,69.33333333333333,1.1833333333333333,0.15833333333333335
2023-12-08,0.15,907.7624999999999,803.8208333333333,24.05,77.875,2.858333333333333,0.5208333333333334
2023-12-09,0.35000000000000003,949.4875000000001,444.7083333333333,22.066666666666666,90.58333333333333,0.6541666666666667,0.14583333333333334
2023-12-10,0.075,869.8041666666667,1063.3,19.608333333333334,71.08333333333333,4.608333333333333,1.0333333333333334
2023-12-11,0.24166666666666667,946.2208333333333,450.74583333333334,22.208333333333332,85.66666666666667,2.1958333333333333,0.17500000000000002
2023-12-12,0.06666666666666667,870.6708333333332,727.5291666666667,21.05,72.625,1.8125,0.19166666666666665
2023-12-13,0.0,948.9666666666667,1173.2708333333333,22.712500000000002,74.95833333333333,4.820833333333334,1.1416666666666666
2023-12-14,0.0,947.0041666666666,1286.1916666666666,25.991666666666664,69.66666666666667,1.6916666666666667,0.024999999999999998
2023-12-15,0.0,907.6166666666667,1287.6375,26.520833333333332,62.291666666666664,1.8875,0.075
2023-12-16,0.0,908.2083333333334,1283.9916666666666,26.604166666666668,58.458333333333336,3.375,0.7666666666666666
2023-12-17,0.0,907.6,1142.3374999999999,24.079166666666666,67.70833333333333,5.3999999999999995,1.4625000000000001
2023-12-18,0.0,944.3541666666666,1211.4541666666667,24.254166666666666,75.33333333333333,2.004166666666667,0.09166666666666667
2023-12-19,0.0,943.3208333333333,1178.2625,25.02916666666667,65.5,2.079166666666667,0.7625000000000001
2023-12-20,0.0,945.225,1283.4125000000001,23.3,66.70833333333333,4.429166666666666,1.25
2023-12-21,0.0,907.4041666666667,1245.0958333333333,24.2375,63.0,2.8041666666666667,0.4666666666666666
2023-12-22,0.0,867.8791666666666,1157.7541666666668,24.34583333333333,63.333333333333336,4.729166666666667,0.8916666666666666
2023-12-23,0.35000000000000003,828.4166666666666,907.75,21.34583333333333,69.66666666666667,1.8833333333333335,0.49166666666666664
2023-12-24,0.4666666666666666,867.2791666666667,1089.9583333333333,23.15416666666667,70.29166666666667,0.8624999999999999,0.08333333333333333
2023-12-25,0.016666666666666666,867.65,1182.825,23.395833333333332,68.45833333333333,1.7916666666666667,0.25833333333333336
2023-12-26,0.14166666666666666,906.6750000000001,657.1666666666666,23.425,79.25,1.1916666666666667,0.0
2023-12-27,1.1416666666666666,831.0124999999999,634.1166666666667,19.091666666666665,73.83333333333333,1.7916666666666667,0.3125
2023-12-28,0.0,948.9541666666668,1303.575,23.079166666666666,71.5,1.7874999999999999,0.05833333333333333
2023-12-29,0.0,906.0958333333333,1210.4666666666667,26.366666666666664,63.25,2.716666666666667,0.7041666666666666
2023-12-30,0.0,907.2958333333332,622.275,23.491666666666664,73.95833333333333,3.5666666666666664,0.7625000000000001
2023-12-31,0.25,949.4291666666667,792.525,21.191666666666666,84.29166666666667,3.4375,1.4166666666666667
