Data Medicao;Precipitação Total;Pressão Atmosférica Média;Temperatura Máxima;Temperatura Média;Temperatura Mínima;Umidade Relativa do Ar;Velocidade do Vento;Cidade;Dia
2024-01-01;0;956;23.7;21.5;20.1;80.3;2.7;Afonso Claudio;1
2024-01-02;2.4;954.7;28;22.6;19.8;86.4;1.1;Afonso Claudio;2
2024-01-03;39.4;954.8;24.8;22.4;21;90.6;1.5;Afonso Claudio;3
2024-01-04;9.4;953.1;25.5;22.8;21.5;92;1.2;Afonso Claudio;4
2024-01-05;21;951.6;28;23.1;21.6;90.5;1.2;Afonso Claudio;5
2024-01-06;12;953.8;30.4;23.3;20.8;86.8;1.1;Afonso Claudio;6
2024-01-07;13.6;955;30.9;24.6;20.6;78.8;1.8;Afonso Claudio;7
2024-01-08;0;955.5;29.8;24.8;21.6;77.3;1.8;Afonso Claudio;8
2024-01-09;0;956;28.2;23.5;21.6;83.4;1.2;Afonso Claudio;9
2024-01-10;2.4;956;30.1;24.6;21.4;80.4;1.7;Afonso Claudio;10
2024-01-11;0;955.9;30;25;20.3;66.4;1.9;Afonso Claudio;11
2024-01-12;0;954.1;30.8;24.9;19.8;69;2.1;Afonso Claudio;12
2024-01-13;0.4;955.1;31.1;25.5;21.9;68.3;1.8;Afonso Claudio;13
2024-01-14;0;957.1;30.3;25.9;22.3;66;2.1;Afonso Claudio;14
2024-01-15;0;957.7;32.8;26.1;20.8;65.5;2.3;Afonso Claudio;15
2024-01-16;0;957.7;31.9;26.2;22.3;67;2.5;Afonso Claudio;16
2024-01-17;0;957.4;32.2;26.1;21;62.8;2.1;Afonso Claudio;17
2024-01-18;0;956.3;32.7;25.8;19.3;60.6;1.7;Afonso Claudio;18
2024-01-19;0;955.1;31.6;25.9;19.4;66.1;1.7;Afonso Claudio;19
2024-01-20;0;952;34.4;26.9;21.5;69.3;2.2;Afonso Claudio;20
2024-01-21;27.8;952.7;30.1;24.1;20.5;82.8;1.9;Afonso Claudio;21
2024-01-22;14.6;954;31.7;23.8;20.2;84.7;1.8;Afonso Claudio;22
2024-01-23;64.2;953.8;29.8;24.5;20.7;76;2.4;Afonso Claudio;23
2024-01-24;12.8;951.3;28.1;23.4;20.4;83.3;1.6;Afonso Claudio;24
2024-01-25;40.8;950;30.4;24.3;21;83.1;1.7;Afonso Claudio;25
2024-01-26;34.8;951.6;31.9;24;20.9;83.9;1.4;Afonso Claudio;26
2024-01-27;12.4;953.9;30.4;23.7;21.9;87;1.5;Afonso Claudio;27
2024-01-28;15.2;955.7;27;23.5;21.2;88.6;1.2;Afonso Claudio;28
2024-01-29;1.6;955.6;31.2;25;21.9;81.8;1.8;Afonso Claudio;29
2024-01-30;2;954.7;32.3;25.9;22.5;76.8;1.8;Afonso Claudio;30
2024-01-31;33.8;955.8;30.4;24.1;20.1;79.6;1.6;Afonso Claudio;31
2024-02-01;16.4;957.3;31.7;25.2;21.1;77.3;2.4;Afonso Claudio;32
2024-02-02;0;958.9;30.5;24.2;20;75.2;1.8;Afonso Claudio;33
2024-02-03;7.4;959.4;29.4;23.6;21.2;86;1.5;Afonso Claudio;34
2024-02-04;7.4;958.5;30.4;24.1;19.2;75.2;1.7;Afonso Claudio;35
2024-02-05;0;957.6;30.1;24.6;20.4;75.2;1.4;Afonso Claudio;36
2024-02-06;0;958.2;31.2;23.8;21.8;82.2;1.5;Afonso Claudio;37
2024-02-07;21.6;956.7;31.1;23;19.3;84.1;1.6;Afonso Claudio;38
2024-02-08;14.6;956.1;29.1;23.1;21.3;86.7;1.4;Afonso Claudio;39
2024-02-09;1.4;957.5;30.5;23.3;18.7;77.2;2;Afonso Claudio;40
2024-02-10;0.2;959.2;29.3;22.9;17.3;75.3;1.6;Afonso Claudio;41
2024-02-11;5.8;961.1;29.7;23.3;18.8;78.6;2.1;Afonso Claudio;42
2024-02-12;0.2;960.8;30.9;24.4;18.8;75.9;1.5;Afonso Claudio;43
2024-02-13;0.2;959.5;31.4;25.2;20;72.3;1.6;Afonso Claudio;44
2024-02-14;0;957.5;30.6;24.5;19.1;78;1.5;Afonso Claudio;45
2024-02-15;0;956.5;27.8;23.1;21;84.7;1.5;Afonso Claudio;46
2024-02-16;44.2;955.2;28.9;22.6;19.7;87.5;1.3;Afonso Claudio;47
2024-02-17;5.4;953.7;32;24.6;21.3;82.2;1.6;Afonso Claudio;48
2024-02-18;1;952.7;29.2;24;21.4;84;1.5;Afonso Claudio;49
2024-02-19;0;951.5;30.6;24.4;20.5;81.1;1.9;Afonso Claudio;50
2024-02-20;37.6;951.3;26.2;22.6;21.3;91.6;1.6;Afonso Claudio;51
2024-02-21;36.4;952.5;25.4;22.8;21.5;90.2;2.2;Afonso Claudio;52
2024-02-22;11;955.2;27.4;23.1;21.5;88.3;2.3;Afonso Claudio;53
2024-02-23;17.8;958;29.9;24.3;22.1;85.9;1.6;Afonso Claudio;54
2024-02-24;2.2;959.8;31.7;25.6;22;76.9;1.4;Afonso Claudio;55
2024-02-25;0;959.4;31.6;25.4;21.3;78.2;1.5;Afonso Claudio;56
2024-02-26;0.2;958;31.3;24.6;17.9;71.5;1.5;Afonso Claudio;57
2024-02-27;0;955.9;31.7;24.4;16.9;65;1.6;Afonso Claudio;58
2024-02-28;0;955;32.4;25;19.2;74;1.7;Afonso Claudio;59
2024-02-29;4.4;954.7;31;24.8;22.1;85.6;1.3;Afonso Claudio;60
2024-03-01;0.2;953.4;33.4;25.9;22.3;80.5;1.6;Afonso Claudio;61
2024-03-02;27.2;954.3;29.5;23.4;18.6;82.2;1.9;Afonso Claudio;62
2024-03-03;0;955.8;30.5;23.6;17.8;69.8;1.8;Afonso Claudio;63
2024-03-04;0;956.2;29.6;24.2;20;78.5;1.3;Afonso Claudio;64
2024-03-05;0;956.3;31.1;24.4;21.5;82.5;1.5;Afonso Claudio;65
2024-03-06;1.4;956.2;32.6;25.6;22.1;79.9;2.1;Afonso Claudio;66
2024-03-07;2;958.5;31.6;25.4;21.9;76.6;1.5;Afonso Claudio;67
2024-03-08;0;958.1;30;24.9;22.5;80.3;1.7;Afonso Claudio;68
2024-03-09;0.2;956.6;31.5;25.3;21.2;72.3;1.7;Afonso Claudio;69
2024-03-10;0;954.8;31.5;25.5;20.8;75.4;1.5;Afonso Claudio;70
2024-03-11;8.2;955.5;32.4;25.6;22.2;81.3;1.5;Afonso Claudio;71
2024-03-12;0;958;30;24.9;22.3;74.1;2.1;Afonso Claudio;72
2024-03-13;0.2;957.8;30.9;24.7;20.5;77.5;1.6;Afonso Claudio;73
2024-03-14;;957;31.9;25.9;21.6;75;1.7;Afonso Claudio;74
2024-03-15;0;955.1;32.1;26;21.7;75.1;1.6;Afonso Claudio;75
2024-03-16;0;953.9;31.8;25.9;22.1;77;1.6;Afonso Claudio;76
2024-03-17;0;954.2;33.3;26.5;20.7;75.5;1.7;Afonso Claudio;77
2024-03-18;0;953.8;35.4;26.7;22;76.8;1.5;Afonso Claudio;78
2024-03-19;5;953.8;32;26;22.2;79.7;1.3;Afonso Claudio;79
2024-03-20;1.6;953.5;31.4;25.7;21.6;72.7;1.7;Afonso Claudio;80
2024-03-21;0;954;32.1;26;21.5;73.7;1.9;Afonso Claudio;81
2024-03-22;0;954.5;32.4;25.5;21.3;79.4;1.7;Afonso Claudio;82
2024-03-23;5;956.7;27.8;23.9;22;83.8;1.9;Afonso Claudio;83
2024-03-24;0;956.6;28.2;23.4;21;83.6;1.2;Afonso Claudio;84
2024-03-25;1.4;955.3;30.1;24.4;21.1;79.3;1.2;Afonso Claudio;85
2024-03-26;0;956.2;31.2;24.5;20.6;77.9;1.8;Afonso Claudio;86
2024-03-27;1;957.8;31.5;23.9;21.5;84.2;1.6;Afonso Claudio;87
2024-03-28;16.2;959.4;30.4;23.9;20.1;80.7;1.3;Afonso Claudio;88
2024-03-29;0;959;31.4;25;20;76.4;1.5;Afonso Claudio;89
2024-03-30;0;956.1;31.1;25.4;21.6;78.8;1.8;Afonso Claudio;90
2024-03-31;76.2;954.8;30.1;23.8;20.3;85.2;1.8;Afonso Claudio;91
2024-04-01;2.2;955.3;30;24.2;18.2;71;2.2;Afonso Claudio;92
2024-04-02;0;954.9;29.3;24.3;20.4;79.9;1.8;Afonso Claudio;93
2024-04-03;0;955.1;30.9;24.7;21.2;82.2;1.1;Afonso Claudio;94
2024-04-04;0;956.5;31.4;25.2;20.2;74.1;1.3;Afonso Claudio;95
2024-04-05;0;956.5;31.7;24.7;20;79.2;1.4;Afonso Claudio;96
2024-04-06;0;956.5;31;24.3;18.7;72.5;1.8;Afonso Claudio;97
2024-04-07;0;958.5;29.1;23.1;16.5;68.1;2.2;Afonso Claudio;98
2024-04-08;0;958;29.3;22.7;16.3;75.5;1.6;Afonso Claudio;99
2024-04-09;0;956.8;30.1;23.5;18.3;77.6;1.2;Afonso Claudio;100
2024-04-10;0;955;31.5;24.4;20;77.7;1.7;Afonso Claudio;101
2024-04-11;2.6;956.1;31.5;24.3;20.7;81.8;1.4;Afonso Claudio;102
2024-04-12;0;957.9;29.8;23.5;19.1;78.3;1.9;Afonso Claudio;103
2024-04-13;0.2;958.5;30.3;23.4;19.1;72.4;2.2;Afonso Claudio;104
2024-04-14;0;958;28;21.7;16.5;83.2;1.2;Afonso Claudio;105
2024-04-15;2.6;958.7;29.5;23.1;18.2;78.2;1.4;Afonso Claudio;106
2024-04-16;0.4;959.9;26.5;22.5;20.1;83.5;1.2;Afonso Claudio;107
2024-04-17;1.2;957.7;27.6;21.5;17;82.4;1.1;Afonso Claudio;108
2024-04-18;0;956;29.3;21.9;18.6;87.2;1.5;Afonso Claudio;109
2024-04-19;36.8;958.6;25.4;20.5;17.7;80.2;2.7;Afonso Claudio;110
2024-04-20;0;960.2;29;22.5;18.2;70.7;2.5;Afonso Claudio;111
2024-04-21;0;959.5;28.2;22;16;72.1;1.7;Afonso Claudio;112
2024-04-22;0;958;28.3;22;17.3;81.3;1.2;Afonso Claudio;113
2024-04-23;0;957.3;30.5;23.2;17.2;79.4;1.4;Afonso Claudio;114
2024-04-24;0;956.8;30.4;23.9;19.3;81;1.4;Afonso Claudio;115
2024-04-25;0;956.9;31.4;24.9;19.7;75.2;1.4;Afonso Claudio;116
2024-04-26;0;958.2;30.7;23.4;19.1;76.4;2.3;Afonso Claudio;117
2024-04-27;2.2;958.1;27.1;22.5;19.4;76.7;1.8;Afonso Claudio;118
2024-04-28;0;956.7;29.5;22.3;16.3;80.2;1.2;Afonso Claudio;119
2024-04-29;0;957;33.1;24.5;18.1;69.8;1.1;Afonso Claudio;120
2024-04-30;0;958;30;23;16.4;75.5;1.3;Afonso Claudio;121
2024-05-01;0;957.2;29.7;22.8;17.5;80.4;1.4;Afonso Claudio;122
2024-05-02;0.2;955.6;29.3;22.9;18.3;80;1.3;Afonso Claudio;123
2024-05-03;0;955.9;31;22.9;16;77.8;1.1;Afonso Claudio;124
2024-05-04;0;958.7;30.4;23.5;18.7;76.5;1.3;Afonso Claudio;125
2024-05-05;0;960.6;30.1;22.2;16.1;79;1.5;Afonso Claudio;126
2024-05-06;0.2;959.4;27.8;22.8;19.3;77;1.6;Afonso Claudio;127
2024-05-07;0;959.1;27;21.1;15.3;82.1;1.1;Afonso Claudio;128
2024-05-08;0.2;959;29;22.6;17.6;82.6;1.1;Afonso Claudio;129
2024-05-09;0;959.2;29.9;23.8;19.1;77.9;1.4;Afonso Claudio;130
2024-05-10;0;957.6;30;24.3;20.2;78.8;1.5;Afonso Claudio;131
2024-05-11;0;956.8;30.2;24.7;20.9;76;1.5;Afonso Claudio;132
2024-05-12;0;955.5;31.7;24.5;19.1;74.9;1.1;Afonso Claudio;133
2024-05-13;0;955.1;32.4;24.6;18.9;73.5;1.5;Afonso Claudio;134
2024-05-14;0;955.1;33;24.2;17.2;68.1;1.3;Afonso Claudio;135
2024-05-15;0;957.2;29.6;23.5;18.6;75.6;1.5;Afonso Claudio;136
2024-05-16;0;958.9;28.9;23.2;19.7;78.6;1.5;Afonso Claudio;137
2024-05-17;0;959.8;30.4;23.1;18.2;77;1.3;Afonso Claudio;138
2024-05-18;0;959.2;30.4;23.2;18.3;72.4;1.5;Afonso Claudio;139
2024-05-19;0;959.2;30.2;22.1;16.1;73.4;1.2;Afonso Claudio;140
2024-05-20;0.2;959.5;28.4;22;16.7;75.3;1;Afonso Claudio;141
2024-05-21;0;961.2;29.2;21.6;15.3;74;1.5;Afonso Claudio;142
2024-05-22;0;962.1;26.6;21;17.3;81.2;1.2;Afonso Claudio;143
2024-05-23;0.2;960.5;28.4;21.3;15.9;76.5;1.5;Afonso Claudio;144
2024-05-24;0;958.5;27.8;21.1;16.5;78.2;1.4;Afonso Claudio;145
2024-05-25;0;958.2;29.1;21;14.9;78.9;1.8;Afonso Claudio;146
2024-05-26;2.4;960.7;26;21.7;19.1;77.1;2.1;Afonso Claudio;147
2024-05-27;0.2;960.7;27.9;22;18.6;78.9;1.4;Afonso Claudio;148
2024-05-28;0;959.6;27.9;21.4;17.9;82;1.1;Afonso Claudio;149
2024-05-29;0;958.8;29.1;22.1;16.5;78.4;1.4;Afonso Claudio;150
2024-05-30;4;960.7;22.8;19;17.7;87.5;2.1;Afonso Claudio;151
2024-05-31;1.4;962.9;25.6;19.4;15.3;70.5;2.8;Afonso Claudio;152
2024-01-01;0;985.3;36;27.8;23;;2.5;Arapiraca;1
2024-01-02;0;984.7;36.6;27.7;22;;2.4;Arapiraca;2
2024-01-03;0;985.3;36.3;28.4;24;;3.2;Arapiraca;3
2024-01-04;0;985;37;28.4;23.3;;3.3;Arapiraca;4
2024-01-05;0;983.9;37.7;29.1;23;;3;Arapiraca;5
2024-01-06;0;984.3;37.5;28.4;23.4;;4.1;Arapiraca;6
2024-01-07;0;984.9;37.4;27.9;21.5;;3.3;Arapiraca;7
2024-01-08;0;985.5;37.8;27.7;21.3;;2.4;Arapiraca;8
2024-01-09;0;985.7;35.1;27.8;23.7;;2.4;Arapiraca;9
2024-01-10;0.2;985.4;31.1;26;23.9;;2.5;Arapiraca;10
2024-01-11;0.6;986.1;27;24.1;22.9;;1.6;Arapiraca;11
2024-01-12;3.4;985.1;33.9;26;20.7;;1.8;Arapiraca;12
2024-01-13;9.2;986.2;34.5;26.4;21.7;;1.9;Arapiraca;13
2024-01-14;0;987.8;35.4;27.6;22.3;;2.7;Arapiraca;14
2024-01-15;0;988.2;35.3;27.8;23.2;;3;Arapiraca;15
2024-01-16;0;987.9;35.2;27.5;23.3;;2.8;Arapiraca;16
2024-01-17;0.2;987.6;32.4;25.8;22.3;;1.8;Arapiraca;17
2024-01-18;0.4;986.7;35.7;27.5;22.3;;2.7;Arapiraca;18
2024-01-19;0;986.2;36;28.1;23.7;;3.2;Arapiraca;19
2024-01-20;0;985;35.9;27.5;23.5;;2.8;Arapiraca;20
2024-01-21;4.4;985;37.1;29;24.3;;2.4;Arapiraca;21
2024-01-22;0.2;985.1;37.4;29;24.3;;2.6;Arapiraca;22
2024-01-23;0;984.3;37.6;29.5;24.1;;2.6;Arapiraca;23
2024-01-24;0;983.8;37.3;29.3;24.3;;2.1;Arapiraca;24
2024-01-25;0;984;35.3;27.8;24.7;;1.7;Arapiraca;25
2024-01-26;1.6;984.7;35.2;27.6;24.3;;2.4;Arapiraca;26
2024-01-27;0.6;986.2;35.9;28.5;23.8;;3;Arapiraca;27
2024-01-28;0.4;987.6;35;27.4;22.8;;3.1;Arapiraca;28
2024-01-29;0;988;35.3;28;24.3;;3.1;Arapiraca;29
2024-01-30;0;987.2;35.6;27.7;22.7;;2.5;Arapiraca;30
2024-01-31;0.2;986.9;35.9;27.2;21.5;;2.3;Arapiraca;31
2024-02-01;0.2;986.9;31.6;25.7;23;;1.6;Arapiraca;32
2024-02-02;1.8;986.8;33.1;26.5;22.6;;2.9;Arapiraca;33
2024-02-03;0.2;987.5;35;27.4;23;;2.1;Arapiraca;34
2024-02-04;0.6;987.1;34.8;27.3;23.4;;2.2;Arapiraca;35
2024-02-05;0.6;986.7;35.1;27.5;23.3;;2.4;Arapiraca;36
2024-02-06;0;987.6;36.3;27.8;22.6;;1.9;Arapiraca;37
2024-02-07;0;986.5;36.5;28.3;23.8;;2.7;Arapiraca;38
2024-02-08;0;985.7;37;28.6;24.1;;3.2;Arapiraca;39
2024-02-09;0;986.2;36.6;28.4;24.3;;3.7;Arapiraca;40
2024-02-10;0;987.4;34.8;27.8;24.2;;3;Arapiraca;41
2024-02-11;0;988.2;28.9;25.1;20.7;;2;Arapiraca;42
2024-02-12;0.4;987.8;30;25.5;23.4;;1.4;Arapiraca;43
2024-02-13;1;987.2;33.6;26.9;23.7;;1.9;Arapiraca;44
2024-02-14;1.2;987.9;32.9;26.9;23.6;;1.3;Arapiraca;45
2024-02-15;0.2;987.5;35.5;27.9;23.8;;1.7;Arapiraca;46
2024-02-16;0;987.1;35.5;27.8;24;;2.9;Arapiraca;47
2024-02-17;0.2;985.7;35.5;28.1;22.9;;2.6;Arapiraca;48
2024-02-18;0;985.8;29.5;26.2;25.2;;1.6;Arapiraca;49
2024-02-19;0;984.3;34.1;27.6;24.1;;2.3;Arapiraca;50
2024-02-20;0;983.3;34.2;28;24.5;;2.2;Arapiraca;51
2024-02-21;0.2;984.4;34.2;27.7;24.4;;2.6;Arapiraca;52
2024-02-22;0;985.4;36.1;27.8;23.1;;2.3;Arapiraca;53
2024-02-23;0;986.9;35.1;28;24.6;;2.4;Arapiraca;54
2024-02-24;0;988.1;32.4;26.4;23.5;;1.6;Arapiraca;55
2024-02-25;0;987.1;33.4;26.8;23.1;;1.7;Arapiraca;56
2024-02-26;0;985.8;34.6;27.2;23.2;;1.3;Arapiraca;57
2024-02-27;0;985.1;32.6;26.1;24.1;;1.1;Arapiraca;58
2024-02-28;0;986;32.9;26.3;23.5;;0.9;Arapiraca;59
2024-02-29;0;985.9;34.4;27.6;23.5;;1.3;Arapiraca;60
2024-03-01;0;984.7;36.5;28.7;24;;1.5;Arapiraca;61
2024-03-02;0;984.1;36.9;28.1;24.9;;1.8;Arapiraca;62
2024-03-03;0;984.4;36.6;28.3;23.9;;2;Arapiraca;63
2024-03-04;0;985.3;36.1;28.4;23.6;;2.6;Arapiraca;64
2024-03-05;0;986.5;35.4;27.6;23.9;;2;Arapiraca;65
2024-03-06;0;986.5;35.2;28.1;23.6;;2.4;Arapiraca;66
2024-03-07;0;987.3;34.9;27.6;23.4;;2.4;Arapiraca;67
2024-03-08;0;986.7;34.5;27.6;23.6;;1.9;Arapiraca;68
2024-03-09;0;985.6;35.6;27.7;23.8;;1.1;Arapiraca;69
2024-03-10;0;985.7;36.3;28.3;24.1;;1.8;Arapiraca;70
2024-03-11;0;986.5;36.7;27.9;22.3;;1.9;Arapiraca;71
2024-03-12;0;987;37;29.1;24.2;;2.3;Arapiraca;72
2024-03-13;0;986.8;36.9;29;24.8;;2;Arapiraca;73
2024-03-14;0;986.2;33.5;27.4;24.3;;1.9;Arapiraca;74
2024-03-15;0.4;985.3;35.7;28.1;23.3;;2.2;Arapiraca;75
2024-03-16;0;984.5;36.3;28.1;23.2;;2.1;Arapiraca;76
2024-03-17;0;985.4;33.3;26.9;24.3;;1.9;Arapiraca;77
2024-03-18;0.4;984.7;34.8;28;24.4;;1.9;Arapiraca;78
2024-03-19;0;983.9;36;28.3;24.1;;2.3;Arapiraca;79
2024-03-20;0;983.9;35.9;27.8;23.3;;2.3;Arapiraca;80
2024-03-21;0.2;985;36.3;28.1;23.1;;2.7;Arapiraca;81
2024-03-22;0;985.3;36.2;28;23.5;;2.5;Arapiraca;82
2024-03-23;0;985.2;36.1;28;22.6;;2.1;Arapiraca;83
2024-03-24;0;985.1;36.1;27.3;22.8;;1.8;Arapiraca;84
2024-03-25;0;984.1;33;26.6;23;;2.1;Arapiraca;85
2024-03-26;0;985.1;34.9;28;24;;1.7;Arapiraca;86
2024-03-27;0;986.1;33.3;27.2;24.4;;1.8;Arapiraca;87
2024-03-28;0;986.7;34.6;27.2;23.8;;1.9;Arapiraca;88
2024-03-29;0;986.8;33.7;27.6;24.7;;2.1;Arapiraca;89
2024-03-30;0;985.6;28.2;25.1;23.9;;0.6;Arapiraca;90
2024-03-31;0.2;984.9;35.5;26.5;23;;1.4;Arapiraca;91
2024-04-01;0;984.4;35.2;27.5;23.1;;1.7;Arapiraca;92
2024-04-02;0;984.7;35.9;28;24.4;;1.2;Arapiraca;93
2024-04-03;0;984.7;35.2;28.2;23.5;;1.6;Arapiraca;94
2024-04-04;0;985.7;33.1;26.2;24.1;;1.3;Arapiraca;95
2024-04-05;0;985.5;34.3;27.1;22.7;;1.4;Arapiraca;96
2024-04-06;0;984.9;35.7;27.9;23.4;;1.2;Arapiraca;97
2024-04-07;0;985.4;36.3;28.1;23.4;;1.6;Arapiraca;98
2024-04-08;0;985.3;34.9;27.8;23.2;;1.6;Arapiraca;99
2024-04-09;0;985.3;35.6;27.4;22.8;;1.8;Arapiraca;100
2024-04-10;0;984.2;35.4;27.6;22.4;;1.5;Arapiraca;101
2024-04-11;0;984.9;34.4;27.5;23.5;;1.5;Arapiraca;102
2024-04-12;0;985.5;34.9;27.9;24.9;;1.5;Arapiraca;103
2024-04-13;0;985.3;34.9;27.6;23.3;;1.5;Arapiraca;104
2024-04-14;0;984.6;35;27.3;23.5;;1.4;Arapiraca;105
2024-04-15;0;985.3;33.3;26.4;23.3;;1.7;Arapiraca;106
2024-04-16;0;985.9;32.2;26.1;23.7;;1.5;Arapiraca;107
2024-04-17;0;984.8;33.3;27;23.5;;1.1;Arapiraca;108
2024-04-18;0;984.3;29.7;25.5;24.4;;1.1;Arapiraca;109
2024-04-19;0;986;29.1;25.1;22.9;;0.9;Arapiraca;110
2024-04-20;0;986.9;32;26.8;23.7;;0.8;Arapiraca;111
2024-04-21;0;985.5;33.3;26.2;23.2;;0.8;Arapiraca;112
2024-04-22;0.2;985.2;31.9;26;23.9;;0.8;Arapiraca;113
2024-04-23;0;985.9;32.9;26.6;23.7;;0.9;Arapiraca;114
2024-04-24;0;985.8;33.5;26.5;23.5;;1.1;Arapiraca;115
2024-04-25;0.6;985.7;30.7;26.2;23.5;;0.9;Arapiraca;116
2024-04-26;0.8;985;31.9;26.5;22.3;;1.6;Arapiraca;117
2024-04-27;7.2;984.9;30.6;25.5;23.1;;1.4;Arapiraca;118
2024-04-28;8;985.2;30.5;25.2;22.1;;0.8;Arapiraca;119
2024-04-29;6.4;986;32.1;26.4;22.9;;1.3;Arapiraca;120
2024-04-30;5.4;986.4;32.8;26.3;22.6;;1.3;Arapiraca;121
2024-05-01;;985.8;33.2;26.9;23;;1.1;Arapiraca;122
2024-05-02;;984.6;30;25.9;24.1;;0.9;Arapiraca;123
2024-05-03;;984.7;32.3;26.3;23;;1.3;Arapiraca;124
2024-05-04;;986.2;31.6;25.9;22.2;;1.6;Arapiraca;125
2024-05-05;;986.3;32;26.3;22.5;;1.8;Arapiraca;126
2024-05-06;;985.1;30.4;25.4;22.1;;1.2;Arapiraca;127
2024-05-07;;985.3;26.6;23.8;22.2;;1.5;Arapiraca;128
2024-05-08;;985.6;31;25.6;22;;1.5;Arapiraca;129
2024-05-09;;986.2;29.2;25;23.4;;2;Arapiraca;130
2024-05-10;;985.4;31.1;25.3;20.1;;0.7;Arapiraca;131
2024-05-11;;985.7;28.5;25.6;23.7;;0.6;Arapiraca;132
2024-05-12;;986;32.1;26.2;22.7;;1;Arapiraca;133
2024-05-13;;986.5;31.9;26.4;23;;0.9;Arapiraca;134
2024-05-14;;986;33.2;26.9;23.1;;1;Arapiraca;135
2024-05-15;;986.2;32.5;26.2;22.2;;1;Arapiraca;136
2024-05-16;;987.2;31.7;25.5;21.5;;1.2;Arapiraca;137
2024-05-17;;988;32;25.4;21;;0.9;Arapiraca;138
2024-05-18;;987.7;28.3;24.4;22.9;;0.7;Arapiraca;139
2024-05-19;;988;26.6;24;23;;1;Arapiraca;140
2024-05-20;;988.2;30.1;25.2;21.9;;0.7;Arapiraca;141
2024-05-21;;988.6;29.3;25.1;22.7;;1.7;Arapiraca;142
2024-05-22;;989.2;31.3;25.4;21.4;;1.4;Arapiraca;143
2024-05-23;;988.7;29;24.4;22.2;;1.2;Arapiraca;144
2024-05-24;;988;27.6;23.5;20.2;;0.8;Arapiraca;145
2024-05-25;;987.9;28.7;24.1;22.1;;1.4;Arapiraca;146
2024-05-26;;988.9;31.3;24.4;19.7;;0.8;Arapiraca;147
2024-05-27;;988.9;28.4;23.5;19.5;;0.8;Arapiraca;148
2024-05-28;;989.1;27.3;23.6;22.3;;1.1;Arapiraca;149
2024-05-29;;989;29.7;24.1;22.1;;0.7;Arapiraca;150
2024-05-30;;989.3;26.1;23.3;22.4;;0.9;Arapiraca;151
2024-05-31;;990.1;26.3;22.8;21.3;;0.8;Arapiraca;152
2024-01-01;0.8;986.6;33.3;26.3;23.3;86.9;0.8;Cruzeiro do Sul;1
2024-01-02;1;985.4;33.4;27.2;23.5;83.3;0.7;Cruzeiro do Sul;2
2024-01-03;0.2;985.1;32.7;27;24.5;86;0.8;Cruzeiro do Sul;3
2024-01-04;5;986.5;30.1;26.1;24.3;89.8;0.6;Cruzeiro do Sul;4
2024-01-05;10.2;986.7;32.8;25.7;22.4;86.2;1;Cruzeiro do Sul;5
2024-01-06;0;986.7;33.1;26.8;22.4;79.6;1;Cruzeiro do Sul;6
2024-01-07;0;985.9;33.9;27;23.9;79.6;0.7;Cruzeiro do Sul;7
2024-01-08;2.6;985.3;32.1;26.7;23.5;83.3;1.2;Cruzeiro do Sul;8
2024-01-09;0.4;986.5;30.8;26.1;24.2;85.6;1.2;Cruzeiro do Sul;9
2024-01-10;0.4;986.7;27.4;25.1;23.7;90.8;0.7;Cruzeiro do Sul;10
2024-01-11;3;987.2;30.3;25.4;22.7;87.4;0.6;Cruzeiro do Sul;11
2024-01-12;0;986.7;29.2;25.6;23.3;86.5;0.9;Cruzeiro do Sul;12
2024-01-13;0;986;33.8;26.3;22.5;82.4;0.9;Cruzeiro do Sul;13
2024-01-14;0;986.9;33.4;25.5;22.7;89.3;0.8;Cruzeiro do Sul;14
2024-01-15;15.6;986.9;32.9;26;23.5;88.3;0.8;Cruzeiro do Sul;15
2024-01-16;29;986.8;32.3;26.2;23.7;87.8;0.8;Cruzeiro do Sul;16
2024-01-17;43.6;987.6;28.9;24.7;23.7;93.8;0.7;Cruzeiro do Sul;17
2024-01-18;22.4;988.7;29.7;25;22.9;92.1;0.8;Cruzeiro do Sul;18
2024-01-19;2.8;987.7;32.6;26.4;23.2;85.5;0.6;Cruzeiro do Sul;19
2024-01-20;0;986.9;32.9;26.8;23.8;87.1;0.7;Cruzeiro do Sul;20
2024-01-21;10.6;988.3;30;25.6;24.2;91.9;0.7;Cruzeiro do Sul;21
2024-01-22;3.6;988.5;32.8;26.4;23.3;86.5;0.7;Cruzeiro do Sul;22
2024-01-23;47.8;988.8;30.8;25.5;22.6;88.7;0.9;Cruzeiro do Sul;23
2024-01-24;0.2;987.1;31.9;27.1;23.5;84.3;0.7;Cruzeiro do Sul;24
2024-01-25;0.4;985.8;33.2;27.7;24;82.7;0.7;Cruzeiro do Sul;25
2024-01-26;0.2;986.6;32.1;27.1;23.6;83.3;0.5;Cruzeiro do Sul;26
2024-01-27;0;987;32;26.8;24.4;84.8;0.9;Cruzeiro do Sul;27
2024-01-28;68.2;987.3;33.1;26.5;23.6;87.1;0.7;Cruzeiro do Sul;28
2024-01-29;0.2;987.6;32.2;26.8;24.2;88.8;0.8;Cruzeiro do Sul;29
2024-01-30;0;986.5;32.6;27.1;24.5;86.7;0.8;Cruzeiro do Sul;30
2024-01-31;76.2;988.2;28.3;24.3;23.7;96.1;1;Cruzeiro do Sul;31
2024-02-01;34;988.2;32.5;26;22.6;84.3;0.9;Cruzeiro do Sul;32
2024-02-02;0;986.8;33.6;27.7;23.8;81.4;0.9;Cruzeiro do Sul;33
2024-02-03;0;986.4;30.4;26.1;24.3;89.3;0.8;Cruzeiro do Sul;34
2024-02-04;8.4;985.8;32.5;26.3;23.6;89;0.8;Cruzeiro do Sul;35
2024-02-05;10.2;986.5;31.5;25.9;23;88.7;1;Cruzeiro do Sul;36
2024-02-06;4.2;986.9;31.7;26.1;23.3;89;0.8;Cruzeiro do Sul;37
2024-02-07;33.4;988.5;32.1;26.2;22.9;85.8;0.8;Cruzeiro do Sul;38
2024-02-08;0.2;987.2;32.8;26.1;23.7;88;0.7;Cruzeiro do Sul;39
2024-02-09;4.2;986;35.8;27;24.4;87;0.9;Cruzeiro do Sul;40
2024-02-10;38.6;986.4;33.1;26;23.6;90.5;0.8;Cruzeiro do Sul;41
2024-02-11;23;986.2;30.3;25.6;23.6;91.8;1;Cruzeiro do Sul;42
2024-02-12;4.2;986.9;30.9;25.8;23.8;90.8;0.5;Cruzeiro do Sul;43
2024-02-13;2.4;987.9;29.8;25.7;23.9;92.6;1.1;Cruzeiro do Sul;44
2024-02-14;2.4;989.5;29.9;24.9;23.2;92.8;0.8;Cruzeiro do Sul;45
2024-02-15;24;989.8;30.6;25.6;23.7;92.6;0.7;Cruzeiro do Sul;46
2024-02-16;12.6;988.5;31.9;25.6;23.6;91.1;0.8;Cruzeiro do Sul;47
2024-02-17;5;987;33.7;26.8;23.7;86.8;0.5;Cruzeiro do Sul;48
2024-02-18;2.2;987.5;29.8;25.3;23.8;93.3;0.9;Cruzeiro do Sul;49
2024-02-19;21.8;986.7;34.5;26.5;23.7;90;0.7;Cruzeiro do Sul;50
2024-02-20;5.2;984.8;33.1;27.1;24.2;87.2;1;Cruzeiro do Sul;51
2024-02-21;20;982.9;32;26.8;24.8;88.8;0.9;Cruzeiro do Sul;52
2024-02-22;0;982.5;33.1;26.8;22.9;86.5;1.2;Cruzeiro do Sul;53
2024-02-23;0;983.4;33.7;27;23.3;90.3;0.8;Cruzeiro do Sul;54
2024-02-24;24.6;986.2;26;24.1;23;94.8;0.8;Cruzeiro do Sul;55
2024-02-25;18.8;988.5;28;24.6;22.9;90.9;1.2;Cruzeiro do Sul;56
2024-02-26;1.8;988.5;30.8;25.1;23.2;94.4;0.9;Cruzeiro do Sul;57
2024-02-27;35.6;987.2;30.9;24.7;22.9;94.3;0.5;Cruzeiro do Sul;58
2024-02-28;36.8;987;30.9;25.1;23.2;93.8;0.5;Cruzeiro do Sul;59
2024-02-29;1.2;987.2;32.4;26;23.3;91.7;0.8;Cruzeiro do Sul;60
2024-03-01;0.4;988.4;28.3;24.8;23.7;92.7;0.8;Cruzeiro do Sul;61
2024-03-02;0;988.8;31.1;25.3;22.5;93.1;0.5;Cruzeiro do Sul;62
2024-03-03;0;987.2;33.7;27.1;22.8;93.8;0.7;Cruzeiro do Sul;63
2024-03-04;0;986.4;33.6;26.8;23.6;92.3;0.7;Cruzeiro do Sul;64
2024-03-05;0;985.8;34;26;23.5;89.3;0.7;Cruzeiro do Sul;65
2024-03-06;10.6;986.3;32.4;26.1;23.8;76.8;1;Cruzeiro do Sul;66
2024-03-07;1.4;987.3;29.7;25.5;23.8;71;0.9;Cruzeiro do Sul;67
2024-03-08;1.8;988;32.1;26;23.1;66.4;0.5;Cruzeiro do Sul;68
2024-03-09;0;987.3;34;26.6;23.8;69.3;0.8;Cruzeiro do Sul;69
2024-03-10;23.2;987.6;32.9;26.7;23.8;72.9;0.8;Cruzeiro do Sul;70
2024-03-11;0.6;987.7;34;27.1;24.4;48.7;0.8;Cruzeiro do Sul;71
2024-03-12;52.8;987.7;32.7;26.6;23.6;46.8;0.6;Cruzeiro do Sul;72
2024-03-13;23.8;987;33.9;27.9;24.3;37.8;0.7;Cruzeiro do Sul;73
2024-03-14;1.2;986.7;33.6;27.1;24.3;38.2;0.8;Cruzeiro do Sul;74
2024-03-15;4.8;986.2;31.2;26;23.8;38.1;0.5;Cruzeiro do Sul;75
2024-03-16;24.4;985.1;33.1;26.6;22.5;32.8;0.5;Cruzeiro do Sul;76
2024-03-17;0;985.7;30.2;26.6;23.8;31.3;1.3;Cruzeiro do Sul;77
2024-03-18;0;986.4;30.9;26.5;24;60.1;0.5;Cruzeiro do Sul;78
2024-03-19;0;986.5;33.5;27.4;24;47.5;1;Cruzeiro do Sul;79
2024-03-20;0;985.9;34.1;27.5;24.6;59;0.8;Cruzeiro do Sul;80
2024-03-21;0;985.1;34.7;27.8;24.2;78.3;0.7;Cruzeiro do Sul;81
2024-03-22;0;985.7;34.1;27.4;24.4;;1.1;Cruzeiro do Sul;82
2024-03-23;82;988.3;28.5;25.2;23.1;79.7;1.5;Cruzeiro do Sul;83
2024-03-24;0.8;986.2;32.5;26.1;23.2;74.1;0.9;Cruzeiro do Sul;84
2024-03-25;16;985.1;35.1;27.1;22.4;69.5;0.8;Cruzeiro do Sul;85
2024-03-26;0;985.5;28.6;25.7;24.6;86.1;1;Cruzeiro do Sul;86
2024-03-27;35;985.3;33.1;26.8;23.5;81.7;0.9;Cruzeiro do Sul;87
2024-03-28;0;986.1;34.2;27.7;23.7;;0.9;Cruzeiro do Sul;88
2024-03-29;0.8;986.4;34;27.5;23.8;75.7;1;Cruzeiro do Sul;89
2024-03-30;0;986.3;32.5;26.8;23.8;83.7;0.8;Cruzeiro do Sul;90
2024-03-31;1.8;986.7;27.9;24.6;23.5;;0.7;Cruzeiro do Sul;91
2024-04-01;53.8;987.1;32.5;26.8;23.2;82.1;1.1;Cruzeiro do Sul;92
2024-04-02;0;986.8;32.8;27.5;24.1;81.9;0.6;Cruzeiro do Sul;93
2024-04-03;0;986.6;32.3;26.5;23;86.3;1;Cruzeiro do Sul;94
2024-04-04;0;986.5;33.7;26.5;23.9;78;0.8;Cruzeiro do Sul;95
2024-04-05;0;987.4;33.2;27.2;23.8;63.5;1;Cruzeiro do Sul;96
2024-04-06;0.8;987.7;30.7;25.6;23.3;75.6;1.1;Cruzeiro do Sul;97
2024-04-07;0.4;986.6;33.3;26.5;23.3;66.6;0.8;Cruzeiro do Sul;98
2024-04-08;0;986.8;32.3;26.4;24.1;74.8;0.7;Cruzeiro do Sul;99
2024-04-09;0.6;986.5;32.8;26.4;24.1;75;0.8;Cruzeiro do Sul;100
2024-04-10;11.4;985.4;34.1;26.2;23.8;83.7;0.6;Cruzeiro do Sul;101
2024-04-11;36.4;986.1;34;26.4;22.7;75.2;0.7;Cruzeiro do Sul;102
2024-04-12;0.2;986.6;32.6;27.7;23.3;61.5;0.9;Cruzeiro do Sul;103
2024-04-13;0;985.7;33.1;27.3;24;47.2;1;Cruzeiro do Sul;104
2024-04-14;5.6;984.7;32.8;26.9;24;44.6;1.1;Cruzeiro do Sul;105
2024-04-15;0.2;983.6;35.1;27.6;23.8;;0.7;Cruzeiro do Sul;106
2024-04-16;0;985.6;33;27.2;24.4;;1;Cruzeiro do Sul;107
2024-04-17;0.2;986.7;31.4;26.3;24.5;88.3;0.4;Cruzeiro do Sul;108
2024-04-18;48.2;987.6;27.2;25;23.7;82.8;1.3;Cruzeiro do Sul;109
2024-04-19;0.6;988.4;30.6;25.7;23.4;58.8;1.3;Cruzeiro do Sul;110
2024-04-20;4.2;987.7;31.8;26.4;23.3;49.4;0.3;Cruzeiro do Sul;111
2024-04-21;0.2;986.6;33.9;27.4;23.8;28.3;0.5;Cruzeiro do Sul;112
2024-04-22;0;985.9;33.9;27.7;24;48.9;0.6;Cruzeiro do Sul;113
2024-04-23;0;986.4;30.5;26.5;24.2;24.6;1;Cruzeiro do Sul;114
2024-04-24;0;987.8;32.3;26.8;23.5;61.9;0.7;Cruzeiro do Sul;115
2024-04-25;0;986.6;33.3;26.5;23.8;44.2;0.9;Cruzeiro do Sul;116
2024-04-26;13.2;985.5;32.7;26.4;23.5;50.6;0.6;Cruzeiro do Sul;117
2024-04-27;18;985.5;33.7;26.7;24;47.9;0.5;Cruzeiro do Sul;118
2024-04-28;41.8;985.7;30.5;25.6;23.9;;0.6;Cruzeiro do Sul;119
2024-04-29;2.6;986;33.5;26.7;23.8;;0.4;Cruzeiro do Sul;120
2024-04-30;0.2;985.6;34.6;28.1;23.8;;0.4;Cruzeiro do Sul;121
2024-05-01;0;985.2;34.8;28.3;24.6;;0.7;Cruzeiro do Sul;122
2024-05-02;1.8;983.9;34.4;27.7;24.1;;0.5;Cruzeiro do Sul;123
2024-05-03;0;983.7;33.7;27;24;;0.7;Cruzeiro do Sul;124
2024-05-04;10.8;985.9;29.5;26.2;23.6;;1.2;Cruzeiro do Sul;125
2024-05-05;0.2;986.9;33.2;26.4;23.9;;0.7;Cruzeiro do Sul;126
2024-05-06;0;986;33.9;27.3;24.2;;0.7;Cruzeiro do Sul;127
2024-05-07;0;984.8;34.2;27.6;24.1;;0.6;Cruzeiro do Sul;128
2024-05-08;0;984.8;32.8;27.4;24.3;;0.6;Cruzeiro do Sul;129
2024-05-09;19.4;986.6;34.1;26.3;23.8;;0.8;Cruzeiro do Sul;130
2024-05-10;18.2;987;33.6;26.8;23.9;;0.7;Cruzeiro do Sul;131
2024-05-11;0;986.4;34.1;27.1;23.3;;0.6;Cruzeiro do Sul;132
2024-05-12;0;985.7;34.9;27.6;23.2;;0.6;Cruzeiro do Sul;133
2024-05-13;0;986;33.5;27.2;23.9;;0.7;Cruzeiro do Sul;134
2024-05-14;18.4;986.9;30.8;25.2;23.2;;0.8;Cruzeiro do Sul;135
2024-05-15;8.2;988.8;25.5;23.2;22.7;;2.1;Cruzeiro do Sul;136
2024-05-16;0.4;989.4;24.9;22.1;20.1;;1.2;Cruzeiro do Sul;137
2024-05-17;0.8;989;28.1;23.7;20.6;;0.8;Cruzeiro do Sul;138
2024-05-18;0;989.2;32;25.3;21.7;;0.6;Cruzeiro do Sul;139
2024-05-19;0;988.6;31.5;26.6;22.3;;0.8;Cruzeiro do Sul;140
2024-05-20;0;988.9;28.1;24.9;23.8;;1.7;Cruzeiro do Sul;141
2024-05-21;0.4;989.6;27.6;23.3;20.9;;1.4;Cruzeiro do Sul;142
2024-05-22;0;989.4;33;25.5;20.9;;0.8;Cruzeiro do Sul;143
2024-05-23;0;988;34.2;27.2;22.3;;0.4;Cruzeiro do Sul;144
2024-05-24;0;987.3;32.5;26.6;23.4;;0.5;Cruzeiro do Sul;145
2024-05-25;17;987.9;32.9;26.5;24;;0.4;Cruzeiro do Sul;146
2024-05-26;18;990.5;25.9;22.2;21.1;;1.9;Cruzeiro do Sul;147
2024-05-27;0;991.5;24.3;20.9;18.9;;1.5;Cruzeiro do Sul;148
2024-05-28;0;993.2;22.3;20.5;18.9;;1.8;Cruzeiro do Sul;149
2024-05-29;0.8;994.4;20.4;19;17.5;;1.9;Cruzeiro do Sul;150
2024-05-30;0;993.2;22.2;20;17.4;;1.2;Cruzeiro do Sul;151
2024-05-31;0;992.4;26.8;21.4;18;;1.4;Cruzeiro do Sul;152
2024-01-01;0;943.8;32;25.1;18.6;65.5;3.1;Campina da Lagoa;1
2024-01-02;0;942.3;31.7;25.8;20.9;65.3;2.5;Campina da Lagoa;2
2024-01-03;0;942.1;32.3;24.9;19.6;72.9;2.9;Campina da Lagoa;3
2024-01-04;0;942.8;31.3;24.8;19.4;73.5;3.1;Campina da Lagoa;4
2024-01-05;0;942.7;30.8;24.6;19.4;75.5;3.2;Campina da Lagoa;5
2024-01-06;6;942.4;34.2;26.2;20.4;68.5;3.6;Campina da Lagoa;6
2024-01-07;0;941.9;36;28.4;22;59;3.5;Campina da Lagoa;7
2024-01-08;0;942;36.7;29.6;22.3;56.7;3.1;Campina da Lagoa;8
2024-01-09;0;943.4;36.1;27.1;24;69.9;4;Campina da Lagoa;9
2024-01-10;9.6;943.3;35;26.5;19.4;69.3;3.2;Campina da Lagoa;10
2024-01-11;0;942.4;33.7;27.1;23.5;74.3;3;Campina da Lagoa;11
2024-01-12;35.6;942.2;32.8;25.2;21.4;88.2;2.1;Campina da Lagoa;12
2024-01-13;18.6;943.9;33.1;26.4;20.3;78.3;4.5;Campina da Lagoa;13
2024-01-14;0;945.1;33.8;26.7;21;76.4;3.7;Campina da Lagoa;14
2024-01-15;1;945.3;30.2;24.8;20.8;88.4;3.2;Campina da Lagoa;15
2024-01-16;0;944;34.6;27.2;21.3;76.9;4.1;Campina da Lagoa;16
2024-01-17;0;944.7;32.6;26.9;24;77.7;3.6;Campina da Lagoa;17
2024-01-18;0.2;943.4;34.5;27.6;23.3;74.9;4.4;Campina da Lagoa;18
2024-01-19;23.6;943.8;30.7;23.9;22;94.8;2.8;Campina da Lagoa;19
2024-01-20;7.8;942.5;28.3;22.6;21.4;97.3;2.5;Campina da Lagoa;20
2024-01-21;106.4;943.7;32.5;24.3;19;85.6;2.4;Campina da Lagoa;21
2024-01-22;0;945.1;26;22.7;21.4;88.4;4.4;Campina da Lagoa;22
2024-01-23;8;944.5;26.4;21.4;17.4;82.8;4.2;Campina da Lagoa;23
2024-01-24;0;944;29.1;21.7;16.7;73.9;3.7;Campina da Lagoa;24
2024-01-25;0;944.5;28.2;19.3;14.5;80.7;4.1;Campina da Lagoa;25
2024-01-26;13.2;945.6;27.6;20.3;14.1;70.8;3.5;Campina da Lagoa;26
2024-01-27;0;944.8;28.1;19.5;15.3;78.2;4.3;Campina da Lagoa;27
2024-01-28;9;944.3;27.4;20.4;16;85.5;3.6;Campina da Lagoa;28
2024-01-29;34.4;944.2;32.2;24;17.2;68.5;2.6;Campina da Lagoa;29
2024-01-30;0;943.6;33.6;27.3;19.7;55.8;2.4;Campina da Lagoa;30
2024-01-31;0;943.7;35.2;28.1;20.2;52;2.5;Campina da Lagoa;31
2024-02-01;0;946.1;34.4;25.8;20.6;64.5;3.8;Campina da Lagoa;32
2024-02-02;0;947.6;31.8;24.6;20.8;68.2;3.9;Campina da Lagoa;33
2024-02-03;4;946.9;33.9;25.6;20.4;70.2;3.5;Campina da Lagoa;34
2024-02-04;0;947;33.7;25.7;21;69.6;3.5;Campina da Lagoa;35
2024-02-05;5.4;946.7;30.8;24.7;20.2;73;2.7;Campina da Lagoa;36
2024-02-06;0;947.3;30.5;23.5;20.6;81;3.2;Campina da Lagoa;37
2024-02-07;1;945.5;32.6;24.9;20.4;76.1;2.9;Campina da Lagoa;38
2024-02-08;0;944.4;34.1;24.4;20.5;84.1;2.7;Campina da Lagoa;39
2024-02-09;15;944.6;34.4;26.7;21.3;72.8;3;Campina da Lagoa;40
2024-02-10;0;945.8;34.2;27.8;22.5;66.1;4.1;Campina da Lagoa;41
2024-02-11;0;946.1;35.7;28.9;23.4;56.5;4;Campina da Lagoa;42
2024-02-12;0;945.9;33.3;28.3;23.8;60.4;4.4;Campina da Lagoa;43
2024-02-13;0;946.9;32;26.9;23.6;74;3.4;Campina da Lagoa;44
2024-02-14;1.8;946.3;32.8;25.5;22;85.1;2.3;Campina da Lagoa;45
2024-02-15;0;945.9;25.6;23.4;22.1;98.3;3.6;Campina da Lagoa;46
2024-02-16;35;944.9;29.1;23.6;20.6;92.7;3.3;Campina da Lagoa;47
2024-02-17;13.4;943.4;31.5;25;20.4;79;2.4;Campina da Lagoa;48
2024-02-18;0;942.1;31.5;24.6;20.1;78.8;3.8;Campina da Lagoa;49
2024-02-19;0;940.5;27.2;22.2;20.3;93.5;2.8;Campina da Lagoa;50
2024-02-20;26.4;938.5;29.2;22.2;19;91.4;2.4;Campina da Lagoa;51
2024-02-21;3.4;939.6;29.5;22.3;17.7;84;2.3;Campina da Lagoa;52
2024-02-22;0;940.3;31.3;24.5;19.4;77;2.8;Campina da Lagoa;53
2024-02-23;0;943.5;30.6;25.3;22;79.8;2.5;Campina da Lagoa;54
2024-02-24;0;947.5;30.6;25.3;22.1;84.6;3;Campina da Lagoa;55
2024-02-25;39;949.1;31;25;20.6;90.8;3.3;Campina da Lagoa;56
2024-02-26;33;947.7;32.4;26.5;21.6;81.5;3;Campina da Lagoa;57
2024-02-27;0;944.4;33;26.8;23.2;80.9;3.1;Campina da Lagoa;58
2024-02-28;7.2;944.1;34.3;26.5;20.9;77.6;2.4;Campina da Lagoa;59
2024-02-29;0;945.5;32.4;26.3;21.7;72.6;3;Campina da Lagoa;60
2024-03-01;0;944.8;32.6;26.7;20.8;74.9;1.8;Campina da Lagoa;61
2024-03-02;0;944.4;32.6;26.6;21.2;72.5;2.7;Campina da Lagoa;62
2024-03-03;0;944;33.7;27.2;21.4;70.1;2.4;Campina da Lagoa;63
2024-03-04;0;943.7;33.1;25.9;22.6;78;3.9;Campina da Lagoa;64
2024-03-05;0;944.4;31.5;24.6;20.4;84.3;2.1;Campina da Lagoa;65
2024-03-06;0;944.7;30.4;24.6;20.6;86.6;2.9;Campina da Lagoa;66
2024-03-07;0.4;946.3;31.3;24.8;21.6;87.8;2.9;Campina da Lagoa;67
2024-03-08;14.4;945.9;27.3;24.1;21.6;96.4;3;Campina da Lagoa;68
2024-03-09;2.4;944.4;31.3;25.3;21.6;89.9;2.4;Campina da Lagoa;69
2024-03-10;0.2;944.8;34.1;26.4;21.2;80.3;2.1;Campina da Lagoa;70
2024-03-11;0;946.4;32.6;26.6;21.6;74.9;2.7;Campina da Lagoa;71
2024-03-12;0;946.8;33.3;26.2;20.2;68.4;2.3;Campina da Lagoa;72
2024-03-13;0;946;33.6;25.9;18.7;62;2.2;Campina da Lagoa;73
2024-03-14;0;944.8;35.5;27.3;19.7;59.3;2.4;Campina da Lagoa;74
2024-03-15;0;942.9;34.6;28;21.6;69.3;2.2;Campina da Lagoa;75
2024-03-16;0;941.2;34.9;28.3;23;77.8;2.4;Campina da Lagoa;76
2024-03-17;46;943;28.6;23.6;20.8;94.1;3.3;Campina da Lagoa;77
2024-03-18;40.6;943.8;30.7;24.8;20.9;90.8;2.5;Campina da Lagoa;78
2024-03-19;0;943.4;32.7;25.9;22.5;89;3.1;Campina da Lagoa;79
2024-03-20;0;941;32;25.5;20.6;88.3;2.5;Campina da Lagoa;80
2024-03-21;0;941.6;30;24.6;24.2;84.5;3.7;Campina da Lagoa;81
2024-03-22;0;946.2;29.9;23.4;18.5;80.7;3.1;Campina da Lagoa;82
2024-03-23;0;948.8;26.7;21.7;17;71.3;4.4;Campina da Lagoa;83
2024-03-24;0;947.3;26.5;21.3;16.1;80.9;2.8;Campina da Lagoa;84
2024-03-25;0;945.6;29.9;23.4;17.9;79.4;2;Campina da Lagoa;85
2024-03-26;0;945.4;30.6;24.5;19.2;73.3;2.1;Campina da Lagoa;86
2024-03-27;0;947.1;30.1;23.6;19;76.8;2.5;Campina da Lagoa;87
2024-03-28;0;948.7;29.7;24;18.7;73.8;2;Campina da Lagoa;88
2024-03-29;0;948.3;30.5;24.2;18.9;70.6;2;Campina da Lagoa;89
2024-03-30;0;946.9;30.9;24.6;17.4;69.5;1.4;Campina da Lagoa;90
2024-03-31;0;945.6;32;25.2;18.9;64.5;1.9;Campina da Lagoa;91
2024-04-01;0;944.2;26.5;23.4;20;71.5;2.1;Campina da Lagoa;92
2024-04-02;0;944.2;30.2;23.6;19;84.3;1.6;Campina da Lagoa;93
2024-04-03;0;944;31.8;25.3;19.8;81.1;2.4;Campina da Lagoa;94
2024-04-04;0;945.6;31.5;26.1;21.8;78.7;2.5;Campina da Lagoa;95
2024-04-05;0;946.3;33.4;26.6;21.7;73.7;2;Campina da Lagoa;96
2024-04-06;0;945.3;32.3;25.6;20.4;77.2;2.7;Campina da Lagoa;97
2024-04-07;0;946;27;21.6;18.3;80.7;3.7;Campina da Lagoa;98
2024-04-08;13;944.7;27.4;22;18.7;96.6;2.3;Campina da Lagoa;99
2024-04-09;1;945;31.4;23.9;18;84.5;2.1;Campina da Lagoa;100
2024-04-10;0;944;31.5;24.8;19.5;80.6;2;Campina da Lagoa;101
2024-04-11;0;945.2;28.7;24.2;20.9;82.6;2.6;Campina da Lagoa;102
2024-04-12;0;946.7;31.1;24.7;19.3;75.1;3.4;Campina da Lagoa;103
2024-04-13;0;945.4;29.8;24.6;21.2;75.6;3.5;Campina da Lagoa;104
2024-04-14;2.2;944.1;24.4;22.7;21.9;98.1;3.4;Campina da Lagoa;105
2024-04-15;2.8;944.1;25;22.2;21;98.8;3.2;Campina da Lagoa;106
2024-04-16;12.4;945.5;25.1;22.4;21.3;99.5;4;Campina da Lagoa;107
2024-04-17;61.8;947.3;25.8;20.7;18.2;82.7;2.6;Campina da Lagoa;108
2024-04-18;0.2;948.8;25.5;17.9;12;66.7;2.8;Campina da Lagoa;109
2024-04-19;0;948.5;26.6;18.7;12.2;62.8;2.6;Campina da Lagoa;110
2024-04-20;0;948.5;28.5;19.7;13.8;68.8;2.5;Campina da Lagoa;111
2024-04-21;0;947.5;29.2;21.8;15.3;73.4;2.3;Campina da Lagoa;112
2024-04-22;0;945.4;29.8;23.5;18.8;74.6;3.1;Campina da Lagoa;113
2024-04-23;0;945.9;26;22.6;20.5;86;3.3;Campina da Lagoa;114
2024-04-24;0.8;946.5;25.9;21.8;19.4;93;2.3;Campina da Lagoa;115
2024-04-25;0;946.1;30.2;24.1;19.2;79.5;2.5;Campina da Lagoa;116
2024-04-26;0;945.5;30.4;24.6;20.4;80;3.1;Campina da Lagoa;117
2024-04-27;0;944;31.4;25.7;21.6;75.3;3.3;Campina da Lagoa;118
2024-04-28;0;943.2;31;26;22;74.8;2.7;Campina da Lagoa;119
2024-04-29;1.4;944.3;31.6;25.8;21.9;73.7;3.4;Campina da Lagoa;120
2024-04-30;0;944.2;32;25.9;22.1;66;3.3;Campina da Lagoa;121
2024-05-01;0;943.3;32.2;26.2;22.3;68.8;3.6;Campina da Lagoa;122
2024-05-02;0;941;31.6;25.7;22.2;74.3;4;Campina da Lagoa;123
2024-05-03;4;942.1;30.2;24.2;20.2;80.7;3.2;Campina da Lagoa;124
2024-05-04;0;945;31.9;25.3;21;77.5;2.2;Campina da Lagoa;125
2024-05-05;0;947;32.4;25.9;20.7;58.6;3.1;Campina da Lagoa;126
2024-05-06;0;945.5;31.3;24.5;18.8;57.2;3.6;Campina da Lagoa;127
2024-05-07;0;943.9;32.3;24.7;19.8;64.4;3.8;Campina da Lagoa;128
2024-05-08;0;944;31.5;25.5;21.3;63.9;4;Campina da Lagoa;129
2024-05-09;0;946.5;30.9;25.4;21.1;66.9;2.5;Campina da Lagoa;130
2024-05-10;0;945.6;30.1;24.8;21.1;67.6;2.7;Campina da Lagoa;131
2024-05-11;0;944.7;31.2;24.7;19.6;62.6;3.1;Campina da Lagoa;132
2024-05-12;0;942.7;31.3;25;20;54.3;3.9;Campina da Lagoa;133
2024-05-13;0;944;25.1;21.8;20.4;79.9;2.9;Campina da Lagoa;134
2024-05-14;1.6;947.7;20;17.1;15.6;92.6;2.4;Campina da Lagoa;135
2024-05-15;0;948.2;19.7;16.4;13.3;91.4;1.9;Campina da Lagoa;136
2024-05-16;0;945.9;27.9;20.7;15.1;82.9;2.8;Campina da Lagoa;137
2024-05-17;0;945.8;29.9;23.7;19.4;69.8;3.5;Campina da Lagoa;138
2024-05-18;0;947.8;24.1;20.5;18.4;89.7;2.1;Campina da Lagoa;139
2024-05-19;0;949.7;19.2;15.8;14.4;93.2;2.3;Campina da Lagoa;140
2024-05-20;0;949.5;25;16.8;12.9;85.2;1.9;Campina da Lagoa;141
2024-05-21;0;948.4;30.4;21.5;14;74.4;3.5;Campina da Lagoa;142
2024-05-22;0;947.5;32.2;23.9;19;68.8;3.8;Campina da Lagoa;143
2024-05-23;0;944.4;31.7;25.2;21.5;58.7;4.7;Campina da Lagoa;144
2024-05-24;14;945.7;23.1;18.3;18;96.5;3.2;Campina da Lagoa;145
2024-05-25;0.2;950.5;18.4;13.6;10.7;86.8;2.4;Campina da Lagoa;146
2024-05-26;0.6;950.8;15.4;12.7;9.8;99.9;1.6;Campina da Lagoa;147
2024-05-27;24;950.5;15;13.3;11.6;100;2.3;Campina da Lagoa;148
2024-05-28;12.6;952.4;14.8;10.2;7.4;80.6;2.4;Campina da Lagoa;149
2024-05-29;0;952.7;20.1;11.9;6.3;78.5;1.8;Campina da Lagoa;150
2024-05-30;0;952.2;23.1;14.8;8.7;76.3;2.4;Campina da Lagoa;151
2024-05-31;0;952.3;23.2;15.1;9.3;67.2;2.9;Campina da Lagoa;152
2024-01-01;0;898.5;29;23.1;19.4;77;1.5;Aguas Emendadas;1
2024-01-02;12.4;897.4;27.7;21.9;18.9;86.1;1.5;Aguas Emendadas;2
2024-01-03;49.6;897.5;24.2;21.3;20;88.5;1.8;Aguas Emendadas;3
2024-01-04;10.8;898.1;24.1;21;19.7;91.5;1.6;Aguas Emendadas;4
2024-01-05;21.4;898.4;22.8;20.5;19.4;92;1.7;Aguas Emendadas;5
2024-01-06;19.6;898.4;31.3;23.3;19.4;78.5;1.5;Aguas Emendadas;6
2024-01-07;0;898.5;31;22.2;17.3;82.1;1.3;Aguas Emendadas;7
2024-01-08;43.4;898.8;28.3;21.1;19.2;88.3;1.2;Aguas Emendadas;8
2024-01-09;45;900;27.3;21.9;19.1;85.2;1.5;Aguas Emendadas;9
2024-01-10;11.6;900;27.9;21.9;18.8;82.8;1.8;Aguas Emendadas;10
2024-01-11;0.6;900.1;29.9;22;18.8;83.1;1;Aguas Emendadas;11
2024-01-12;;898.5;31.2;;17.3;74.1;1.3;Aguas Emendadas;12
2024-01-13;;899.4;28.4;;19.3;78.4;1.7;Aguas Emendadas;13
2024-01-14;0.4;901.2;28.9;22.5;18.5;80.1;1.8;Aguas Emendadas;14
2024-01-15;;902.1;29.5;22.5;17.3;78;1.3;Aguas Emendadas;15
2024-01-16;0;901.2;31.6;23;15.5;72.5;1.5;Aguas Emendadas;16
2024-01-17;0;901.3;32.6;23.9;15;65.8;1.5;Aguas Emendadas;17
2024-01-18;;900.3;32.9;24.4;17.2;67.3;1.3;Aguas Emendadas;18
2024-01-19;0;900;33.1;;15.7;64.9;1.1;Aguas Emendadas;19
2024-01-20;0;898.9;33.5;24.3;15.9;64.5;1.3;Aguas Emendadas;20
2024-01-21;0;899.6;31.3;23.1;17;76;1.4;Aguas Emendadas;21
2024-01-22;;899.6;29.4;;19.1;79.6;1.6;Aguas Emendadas;22
2024-01-23;0.4;898.3;29;22.6;18.7;82;1.8;Aguas Emendadas;23
2024-01-24;;896.4;25.6;22.3;20.4;86.5;2.1;Aguas Emendadas;24
2024-01-25;11.8;896.1;28.1;;19.9;84.6;1.8;Aguas Emendadas;25
2024-01-26;;897.5;26;;20.2;88.3;1.1;Aguas Emendadas;26
2024-01-27;;898.3;30.2;;18.5;81;1.4;Aguas Emendadas;27
2024-01-28;1.4;900.2;27.5;22.4;19.1;83.6;2;Aguas Emendadas;28
2024-01-29;;901.4;28.3;;20.1;81.2;2;Aguas Emendadas;29
2024-01-30;;900.6;29;;18.7;80.8;1.3;Aguas Emendadas;30
2024-01-31;2.4;900.7;28.3;21.8;18.4;85.3;1.5;Aguas Emendadas;31
2024-02-01;11.8;900.8;29;;19.2;77;1.8;Aguas Emendadas;32
2024-02-02;;901.2;29.4;;17.4;74.7;1.8;Aguas Emendadas;33
2024-02-03;0;901.4;26.3;22.1;17.6;72.6;2;Aguas Emendadas;34
2024-02-04;;901.2;27.9;22.5;18.1;71.5;1.5;Aguas Emendadas;35
2024-02-05;0;900.9;27.4;;19.5;75.7;1.7;Aguas Emendadas;36
2024-02-06;;902.1;29.1;21.9;18;80;1.6;Aguas Emendadas;37
2024-02-07;0;900.8;29.5;23.2;19.2;76.6;1.6;Aguas Emendadas;38
2024-02-08;;899.6;28.5;;19.5;81.6;1.4;Aguas Emendadas;39
2024-02-09;;899.2;29.2;22.6;19.7;83.1;1.5;Aguas Emendadas;40
2024-02-10;81;900;24.9;21.2;18.8;89;1.9;Aguas Emendadas;41
2024-02-11;;902.4;21.2;20;19.1;90.8;2.4;Aguas Emendadas;42
2024-02-12;8.6;903.1;28.6;22.5;17.9;76.5;2.1;Aguas Emendadas;43
2024-02-13;;902.7;30.9;;18;63.3;2.3;Aguas Emendadas;44
2024-02-14;0;902.4;32;23.9;15.4;62.9;1.5;Aguas Emendadas;45
2024-02-15;;901.5;32.4;;14.9;68.3;1.4;Aguas Emendadas;46
2024-02-16;0;901.1;28.9;22.9;20;77.5;1.2;Aguas Emendadas;47
2024-02-17;;900;28.6;;19.3;83.2;1.7;Aguas Emendadas;48
2024-02-18;;899;28.2;;19.7;84.1;2;Aguas Emendadas;49
2024-02-19;18.4;898;26.9;21.7;18.4;85.6;1.8;Aguas Emendadas;50
2024-02-20;3.8;896.4;23.1;20.6;19.6;92.5;1.6;Aguas Emendadas;51
2024-02-21;61.4;895.8;24.8;21.3;19.6;89.9;1.4;Aguas Emendadas;52
2024-02-22;;897.6;28.7;;19.6;79.8;2.3;Aguas Emendadas;53
2024-02-23;;900.7;26.7;22.3;18.9;81.8;1.9;Aguas Emendadas;54
2024-02-24;0.4;902.8;30.2;23.3;19.3;75.9;1.7;Aguas Emendadas;55
2024-02-25;0;902.8;30.6;23.6;18;74.3;2.3;Aguas Emendadas;56
2024-02-26;1.6;901.4;29.2;22.7;15.8;66.9;2.2;Aguas Emendadas;57
2024-02-27;0;900;30.5;22.9;14.6;65.5;1.7;Aguas Emendadas;58
2024-02-28;0;900.2;32.1;23.3;14.7;66.5;1.4;Aguas Emendadas;59
2024-02-29;0;900.5;33.2;25;17.4;66.2;1.2;Aguas Emendadas;60
2024-03-01;0;900;31.5;24.3;18;74.6;1.6;Aguas Emendadas;61
2024-03-02;0;899.5;31.1;22.3;16.4;79.6;1.3;Aguas Emendadas;62
2024-03-03;;899.3;30.2;21.8;18.2;83;1.5;Aguas Emendadas;63
2024-03-04;0.6;900.1;28.4;21.1;18.3;85.9;1.2;Aguas Emendadas;64
2024-03-05;17.2;900.9;29.1;22;18.3;82.2;1.5;Aguas Emendadas;65
2024-03-06;0;900.5;30.1;;18.4;76.7;1.7;Aguas Emendadas;66
2024-03-07;;901.7;28.7;;17.8;72.9;2;Aguas Emendadas;67
2024-03-08;0;901.1;30.8;24.3;17.8;70.9;1.6;Aguas Emendadas;68
2024-03-09;0;900.6;30.3;23.2;17.1;74.3;1.5;Aguas Emendadas;69
2024-03-10;0;900.7;29.9;22.5;18.1;80.7;1.6;Aguas Emendadas;70
2024-03-11;16.4;900.5;31.1;24.8;19.6;76.7;1.4;Aguas Emendadas;71
2024-03-12;0;901.3;31.5;24.4;18.5;74.6;1.2;Aguas Emendadas;72
2024-03-13;0;901.4;30.9;24.1;21.1;80.5;1.8;Aguas Emendadas;73
2024-03-14;;901.1;30.8;;19;77.9;1.4;Aguas Emendadas;74
2024-03-15;0;899.5;31.5;24.7;18.8;71.4;1.7;Aguas Emendadas;75
2024-03-16;;898.4;31.7;;19.4;71;1.9;Aguas Emendadas;76
2024-03-17;0;900.1;31.7;22.6;18;80;1.1;Aguas Emendadas;77
2024-03-18;0.6;899.7;32.7;23.8;17.1;75.4;1.3;Aguas Emendadas;78
2024-03-19;0.6;898.6;30.9;23;17.9;81.4;1.2;Aguas Emendadas;79
2024-03-20;31.6;897.8;29.9;23;19.2;82;1.3;Aguas Emendadas;80
2024-03-21;7.6;899.1;31;23.3;17.3;78.9;1.4;Aguas Emendadas;81
2024-03-22;0;899.3;31.1;23.7;19.4;77.5;1.6;Aguas Emendadas;82
2024-03-23;0;899.6;25.7;21.2;19.9;88.8;1.2;Aguas Emendadas;83
2024-03-24;46.6;899.4;29.3;22.4;18.4;81.9;1.3;Aguas Emendadas;84
2024-03-25;6.8;898.7;28;22.7;19.8;80.3;1.7;Aguas Emendadas;85
2024-03-26;;899.5;29.1;22.3;17.7;78.5;1.3;Aguas Emendadas;86
2024-03-27;0.4;900;28.9;22.7;20;80.1;1.9;Aguas Emendadas;87
2024-03-28;1.4;901.8;28.2;22.2;19.2;84.7;1.5;Aguas Emendadas;88
2024-03-29;0;902.3;30.1;23.4;19.3;77;2;Aguas Emendadas;89
2024-03-30;0;901.1;30;22.8;18.7;81.3;1.2;Aguas Emendadas;90
2024-03-31;5.4;900.3;31.7;23.9;18.3;76.9;1.2;Aguas Emendadas;91
2024-04-01;0;899.4;30.3;23.4;18.5;79.6;1.4;Aguas Emendadas;92
2024-04-02;0;899.6;28.6;22;18.4;82.6;1.3;Aguas Emendadas;93
2024-04-03;4.6;899.6;28.8;22.7;17.4;81.8;1.2;Aguas Emendadas;94
2024-04-04;0.2;900.4;26.1;21.7;19.9;90.5;1.1;Aguas Emendadas;95
2024-04-05;35;900.5;30.5;22.6;18.6;82.3;1.6;Aguas Emendadas;96
2024-04-06;11;899.9;29;22.2;19;84.6;1.2;Aguas Emendadas;97
2024-04-07;8.6;900.6;27.9;21.7;17.1;82.3;1.7;Aguas Emendadas;98
2024-04-08;0;900.4;28.2;22.6;19;75.7;1.8;Aguas Emendadas;99
2024-04-09;0;900;31.8;23.2;17.8;72.6;1.3;Aguas Emendadas;100
2024-04-10;0;899.2;29;22.4;16.9;79.9;1;Aguas Emendadas;101
2024-04-11;0.2;900.2;25.7;21.1;19.3;88.8;1.2;Aguas Emendadas;102
2024-04-12;14;900.6;27.7;21.4;17.7;85.8;1.5;Aguas Emendadas;103
2024-04-13;1.2;900.7;28.4;22.9;19.5;75.8;2.1;Aguas Emendadas;104
2024-04-14;0;899.9;29.3;22.4;17.2;74.8;1.8;Aguas Emendadas;105
2024-04-15;0;900.3;29;22.4;17.2;74.5;2.1;Aguas Emendadas;106
2024-04-16;0;901.5;29.4;23.1;18.8;75.3;2.6;Aguas Emendadas;107
2024-04-17;0;900.6;30.6;24.1;20.4;70.5;2.4;Aguas Emendadas;108
2024-04-18;0;899.7;30.8;24;17.7;69.7;1.8;Aguas Emendadas;109
2024-04-19;0;900.3;30.9;23;17.5;75;1.3;Aguas Emendadas;110
2024-04-20;0;901.6;29.7;23.3;18.7;72.5;2.3;Aguas Emendadas;111
2024-04-21;0;901.7;28.2;21.8;16.5;73.9;2.2;Aguas Emendadas;112
2024-04-22;0;900.8;29.3;22.4;17.2;72.2;1.8;Aguas Emendadas;113
2024-04-23;0;900.7;30.8;23.1;16;72.5;1.3;Aguas Emendadas;114
2024-04-24;0;901;31.4;23.4;16.9;71.7;1.2;Aguas Emendadas;115
2024-04-25;0;900.4;30.8;23.3;17.3;70.3;1.8;Aguas Emendadas;116
2024-04-26;0;900.4;30;22.5;16.7;70.6;2;Aguas Emendadas;117
2024-04-27;0;900.3;29.9;22.3;16.1;68.1;1.8;Aguas Emendadas;118
2024-04-28;0;900.4;31.2;22.5;16;71.8;1.4;Aguas Emendadas;119
2024-04-29;0;900.9;31;23.2;15.9;68.7;1.8;Aguas Emendadas;120
2024-04-30;0;901.1;31;22.6;15.9;69.5;1.7;Aguas Emendadas;121
2024-05-01;0;900.8;30.6;23.1;16.8;67.5;1.7;Aguas Emendadas;122
2024-05-02;0;899.2;30.3;22.2;16;67;1.7;Aguas Emendadas;123
2024-05-03;0;899.3;30.7;23.1;17.3;67.4;1.6;Aguas Emendadas;124
2024-05-04;0;901.2;29.7;22.7;16;59;2.6;Aguas Emendadas;125
2024-05-05;0;902.2;29.1;22.4;17.4;65.7;2.7;Aguas Emendadas;126
2024-05-06;0;901.2;28.5;22.5;17;69.7;2.5;Aguas Emendadas;127
2024-05-07;0;900.7;27.8;21.1;16.3;73;2.5;Aguas Emendadas;128
2024-05-08;0;901.3;29.4;20.8;14.2;71.3;1.9;Aguas Emendadas;129
2024-05-09;0;902.1;29.6;21.2;14.4;69.1;2;Aguas Emendadas;130
2024-05-10;0;901.1;27.9;20;14;69.1;1.9;Aguas Emendadas;131
2024-05-11;0;901.1;29.9;19.8;11.4;69.7;1.3;Aguas Emendadas;132
2024-05-12;0;900.5;30.2;20.2;10.9;65.9;1.5;Aguas Emendadas;133
2024-05-13;0;901;30.6;21.1;14.7;71.7;1.1;Aguas Emendadas;134
2024-05-14;0;901.1;32.3;22.1;15.1;69;1.4;Aguas Emendadas;135
2024-05-15;0;900.9;31.1;22.5;14.5;61.3;2.3;Aguas Emendadas;136
2024-05-16;0;901.5;29.6;21.2;12.8;55.4;2.3;Aguas Emendadas;137
2024-05-17;0;903;28.8;20;12;64.6;1.9;Aguas Emendadas;138
2024-05-18;0;902.9;29.1;19.5;11.8;66.2;1.6;Aguas Emendadas;139
2024-05-19;0;902.6;29.9;20.1;11.6;68;1.2;Aguas Emendadas;140
2024-05-20;0;902.3;29.7;21.3;15.1;72.5;1.7;Aguas Emendadas;141
2024-05-21;0;902.8;29.1;21.6;16.8;69;2.3;Aguas Emendadas;142
2024-05-22;0;903.5;28.5;20.9;16.7;63.5;2.2;Aguas Emendadas;143
2024-05-23;0;902.9;27.8;20;13;72.6;1.8;Aguas Emendadas;144
2024-05-24;0;901.9;30.5;21.8;13.6;63.5;1.5;Aguas Emendadas;145
2024-05-25;0;901.9;29.1;20.4;13.3;63.3;1.5;Aguas Emendadas;146
2024-05-26;0;902.5;28.8;20.1;12.2;61.8;1.9;Aguas Emendadas;147
2024-05-27;0;903.2;29;19.6;12.4;67.8;1.5;Aguas Emendadas;148
2024-05-28;0;903.3;29.4;19.6;11.6;65.7;1.4;Aguas Emendadas;149
2024-05-29;0;903.3;29.2;19.9;14.6;69.9;1.8;Aguas Emendadas;150
2024-05-30;0.2;903.5;29.1;20;14;68.4;1.8;Aguas Emendadas;151
2024-05-31;0;903.8;28.7;20.1;13.8;63.4;1.9;Aguas Emendadas;152
